time,x,prediction,ewma,error,lcl,ucl,stage_1_alarm,true_regime,true_shift
500,3.3638622298139094,-0.012403811131669452,0.021358849277786342,3.3762660409455787,-2.901380078275556,2.8765724560122172,1,after_shift,1
501,2.8951849819716857,0.021358849277786342,0.05009711060472534,2.873826132693899,-3.5922961216863265,3.6350138202418996,0,after_shift,0
502,1.2805197667152095,0.05009711060472534,0.06240133716583018,1.230422656110484,-3.965132848581227,4.065327069790678,0,after_shift,0
503,0.497496543959103,0.06240133716583018,0.0667522892337629,0.4350952067932728,-3.937253773539178,4.062056447870838,0,after_shift,0
504,-0.9645288378416512,0.0667522892337629,0.05643947796300877,-1.031281127075414,-3.8425401636146774,3.976044742082203,0,after_shift,0
505,1.456504492067365,0.05643947796300877,0.07044012810405234,1.4000650141043562,-3.816160740389095,3.9290396963151126,0,after_shift,0
506,4.420415012247402,0.07044012810405234,0.11393987694548585,4.34997488414335,-3.819195169490734,3.9600754256988386,1,after_shift,0
507,2.4348842714636474,0.11393987694548585,0.13714932089066748,2.3209443945181616,-4.670182433634125,4.898062187525097,0,after_shift,0
508,1.4404277139505104,0.13714932089066748,0.1501821048212659,1.3032783930598428,-4.778894542375474,5.053193184156809,0,after_shift,0
509,2.4650802095003064,0.1501821048212659,0.1733310858680563,2.3148981046790404,-4.720490688407237,5.020854898049768,0,after_shift,0
510,0.4390416470055571,0.1733310858680563,0.1759881914794313,0.2657105611375008,-4.821538255919825,5.168200427655937,0,after_shift,0
511,1.7026766373023643,0.1759881914794313,0.1912550759376606,1.526688445822933,-4.69567011965969,5.047646502618553,0,after_shift,0
512,2.0994774730157384,0.1912550759376606,0.21033729990844138,1.9082223970780778,-4.66623932861295,5.048749480488271,0,after_shift,0
513,1.9138993481789517,0.21033729990844138,0.22737292039114648,1.7035620482705103,-4.69415859857574,5.114833198392622,0,after_shift,0
514,2.790806121690081,0.22737292039114648,0.2530072524041358,2.5634332012989347,-4.687637930143588,5.142383770925881,0,after_shift,0
515,2.3446452262360524,0.2530072524041358,0.27392363214245496,2.091637973831917,-4.8368356211741075,5.3428501259823795,0,after_shift,0
516,2.668326018107997,0.27392363214245496,0.2978676560021104,2.3944023859655417,-4.881646432354635,5.429493696639544,0,after_shift,0
517,1.3116277177692406,0.2978676560021104,0.30800525661978173,1.01376006176713,-4.977625762542212,5.573361074546433,0,after_shift,0
518,2.897815408410548,0.30800525661978173,0.3339033581376894,2.5898101517907666,-4.878685261130875,5.494695774370439,0,after_shift,0
519,3.628936947623991,0.3339033581376894,0.3668536940325524,3.2950335894863017,-5.0116436747319755,5.679450391007355,0,after_shift,0
520,1.0298504803485873,0.3668536940325524,0.37348366189571275,0.6629967863160349,-5.29281858329234,6.026525971357445,0,after_shift,0
521,1.11230434428544,0.37348366189571275,0.38087186871961004,0.7388206823897272,-5.16078231515882,5.9077496389502455,0,after_shift,0
522,3.335784336320233,0.38087186871961004,0.4104209933956162,2.954912467600623,-5.035984240673668,5.797727978112888,0,after_shift,0
523,1.80865601330494,0.4104209933956162,0.42440334359470944,1.3982350199093239,-5.2291172913764115,6.049959278167645,0,after_shift,0
524,3.4038213920665568,0.42440334359470944,0.45419752407942793,2.9794180484718473,-5.151791594626543,6.000598281815963,0,after_shift,0
525,1.5574642881078162,0.45419752407942793,0.4652301917197118,1.1032667640283882,-5.336646270048853,6.245041318207708,0,after_shift,0
526,3.4550455762707117,0.4652301917197118,0.4951283455652218,2.989815384551,-5.2273015081717045,6.157761891611129,0,after_shift,0
527,2.131485816805452,0.4951283455652218,0.5114919202776241,1.63635747124023,-5.404636015129133,6.394892706259577,0,after_shift,0
528,2.2582288233226957,0.5114919202776241,0.5289592893080748,1.7467369030450715,-5.342720933240001,6.365704773795249,0,after_shift,0
529,3.564718021669904,0.5289592893080748,0.559316876631693,3.0357587323618294,-5.296090765531213,6.354009344147363,0,after_shift,0
530,1.6382295225558288,0.559316876631693,0.5701060030909345,1.0789126459241358,-5.472413531867514,6.591047285130901,0,after_shift,0
531,1.0588779040750418,0.5701060030909345,0.5749937221007756,0.4887719009841073,-5.353280423495134,6.493492429677003,0,after_shift,0
532,1.5514357919716455,0.5749937221007756,0.5847581427994842,0.9764420698708699,-5.20771200340239,6.357699447603942,0,after_shift,0
533,2.4523339506431387,0.5847581427994842,0.6034339008779208,1.8675758078436546,-5.089459762295006,6.258976047893975,0,after_shift,0
534,0.4342409278194856,0.6034339008779208,0.6017419711473364,-0.16919297305843523,-5.067230885713636,6.274098687469477,0,after_shift,0
535,2.6374709026511214,0.6017419711473364,0.6220992604623742,2.035728931503785,-4.926503589946576,6.129987532241249,0,after_shift,0
536,1.461228682382257,0.6220992604623742,0.630490554681573,0.8391294219198827,-4.936525620002174,6.180724140926921,0,after_shift,0
537,3.1478126607335635,0.630490554681573,0.6556637757420929,2.5173221060519904,-4.816550588697349,6.077531698060494,0,after_shift,0
538,-0.3942603049004716,0.6556637757420929,0.6451645349356673,-1.0499240806425645,-4.9155438240793075,6.226871375563492,0,after_shift,0
539,1.2134342248958312,0.6451645349356673,0.6508472318352688,0.5682696899601639,-4.830462339961238,6.120791409832573,0,after_shift,0
540,0.313531848765898,0.6508472318352688,0.6474740780045751,-0.3373153830693708,-4.699730670380148,6.0014251340506855,0,after_shift,0
541,1.1737705336360476,0.6474740780045751,0.6527370425608898,0.5262964556314724,-4.572530849554113,5.867479005563263,0,after_shift,0
542,2.247665901108943,0.6527370425608898,0.6686863311463703,1.5949288585480532,-4.447328981834749,5.752803066956529,0,after_shift,0
543,1.820773374550245,0.6686863311463703,0.680207201580409,1.1520870434038746,-4.416080026244914,5.753452688537654,0,after_shift,0
544,1.7466224310519851,0.680207201580409,0.6908713538751248,1.066415229471576,-4.335706824178596,5.696121227339413,0,after_shift,0
545,1.8408151286199392,0.6908713538751248,0.702370791622573,1.1499437747448145,-4.250098438266658,5.631841146016908,0,after_shift,0
546,2.2033882406199434,0.702370791622573,0.7173809661125466,1.5010174489973704,-4.17488152610697,5.579623109352116,0,after_shift,0
547,0.9914639580568922,0.7173809661125466,0.7201217960319901,0.2740829919443456,-4.141845791741612,5.576607723966705,0,after_shift,0
548,2.706849640899051,0.7201217960319901,0.7399890744806608,1.9867278448670607,-4.019634011912811,5.459877603976792,0,after_shift,0
549,2.662665970385484,0.7399890744806608,0.7592158434397089,1.9226768959048233,-4.068150924656813,5.548129073618135,0,after_shift,0
550,2.385037937656101,0.7592158434397089,0.7754740643818728,1.625822094216392,-4.101422863506244,5.619854550385661,0,after_shift,0
551,2.556533442751263,0.7754740643818728,0.7932846581655667,1.7810593783693904,-4.0860074047185835,5.63695553348233,0,after_shift,0
552,2.2964180008086594,0.7932846581655667,0.8083159915919976,1.5031333426430926,-4.093409479987719,5.679978796318852,0,after_shift,0
553,4.035073302731068,0.8083159915919976,0.8405835647033884,3.2267573111390706,-4.060207917198327,5.676839900382322,0,after_shift,0
554,1.91290582894749,0.8405835647033884,0.8513067873458293,1.0723222642441017,-4.375045067895478,6.056212197302255,0,after_shift,0
555,1.6929167816654234,0.8513067873458293,0.8597228872890252,0.841609994319594,-4.282900717109262,5.985514291800921,0,after_shift,0
556,1.2464724196426222,0.8597228872890252,0.8635903826125612,0.386749532353597,-4.176229920870044,5.8956756954480944,0,after_shift,0
557,0.9677373294221632,0.8635903826125612,0.8646318520806571,0.10414694680960201,-4.0517009100835315,5.7788816753086545,0,after_shift,0
558,0.7555282123989246,0.8646318520806571,0.8635408156838398,-0.10910363968173242,-3.926710864881856,5.6559745690431695,0,after_shift,0
559,1.1112026867690816,0.8635408156838398,0.8660174343946923,0.24766187108524185,-3.80705587014834,5.53413750151602,0,after_shift,0
560,1.9293196183479289,0.8660174343946923,0.8766504562342246,1.0633021839532366,-3.6893476566486667,5.421382525438051,0,after_shift,0
561,2.3342951284977147,0.8766504562342246,0.8912269029568594,1.4576446722634901,-3.6202994820619,5.3736003945303485,0,after_shift,0
562,2.051142058552162,0.8912269029568594,0.9028260545128123,1.1599151555953024,-3.599603577691971,5.382057383605689,0,after_shift,0
563,1.2344647225702872,0.9028260545128123,0.9061424411933869,0.3316386680574749,-3.542914818649863,5.3485669276754875,0,after_shift,0
564,2.9001845640199635,0.9061424411933869,0.9260828624216526,1.9940421228265766,-3.432736931238127,5.2450218136249,0,after_shift,0
565,2.7394126723009475,0.9260828624216526,0.9442161605204455,1.813329809879295,-3.5094410404007776,5.361606765244082,0,after_shift,0
566,1.840351692577983,0.9442161605204455,0.9531775158410208,0.8961355320575375,-3.5468697802751947,5.435302101316086,0,after_shift,0
567,1.347083855335288,0.9531775158410208,0.9571165792359635,0.3939063394942671,-3.465276600990891,5.3716316326729325,0,after_shift,0
568,2.5484279208297997,0.9571165792359635,0.9730296926519019,1.5913113415938362,-3.357558719712224,5.271791878184151,0,after_shift,0
569,2.1879735874861046,0.9730296926519019,0.9851791316002438,1.2149438948342026,-3.365763237672646,5.311822622976449,0,after_shift,0
570,0.5518727405849524,0.9851791316002438,0.980846067690091,-0.43330639101529145,-3.321572287745928,5.291930550946416,0,after_shift,0
571,1.932019744015595,0.980846067690091,0.9903578044533461,0.9511736763255041,-3.226907714491189,5.1885998498713715,0,after_shift,0
572,2.262035812074381,0.9903578044533461,1.0030745845295566,1.271678007621035,-3.1601917266362873,5.1409073355429795,0,after_shift,0
573,1.1003052135122462,1.0030745845295566,1.0040468908193834,0.09723062898268964,-3.13134587900667,5.137495048065784,0,after_shift,0
574,2.1898433928374432,1.0040468908193834,1.015904855839564,1.1857965020180599,-3.0262155260323187,5.034309307671085,0,after_shift,0
575,0.5451775147422109,1.015904855839564,1.0111975824285906,-0.47072734109735315,-2.992039180214604,5.023848891893731,0,after_shift,0
576,3.33618610001217,1.0111975824285906,1.0344474676044262,2.32498851758358,-2.908004827460509,4.930399992317691,0,after_shift,0
577,3.247949985059432,1.0344474676044262,1.0565824927789762,2.213502517455006,-3.0916460088329982,5.160540944041851,0,after_shift,0
578,1.7474826656970353,1.0565824927789762,1.0634914945081568,0.690900172918059,-3.230401532749384,5.343566518307337,0,after_shift,0
579,2.363454337839073,1.0634914945081568,1.076491122941466,1.2999628433309163,-3.1405690194950324,5.2675520085113465,0,after_shift,0
580,-0.4099219657998749,1.076491122941466,1.0616269920540526,-1.486413088741341,-3.1128853333404445,5.265867579223376,0,after_shift,0
581,0.8436523397346671,1.0616269920540526,1.0594472455308588,-0.2179746523193855,-3.141654116734464,5.264908100842569,0,after_shift,0
582,1.7062210798478703,1.0594472455308588,1.065914983874029,0.6467738343170115,-3.0400129997450596,5.158907490806778,0,after_shift,0
583,0.9278669785731408,1.065914983874029,1.06453450382102,-0.13804800530088812,-2.9532314384659832,5.085061406214041,0,after_shift,0
584,2.714396482630659,1.06453450382102,1.0810331236091164,1.6498619788096387,-2.853939284440615,4.983008292082655,0,after_shift,0
585,3.997296530747994,1.0810331236091164,1.110195757680505,2.9162634071388776,-2.895351545274612,5.057417792492845,0,after_shift,0
586,0.823385280570698,1.110195757680505,1.107327652909407,-0.286810477109807,-3.231246376000957,5.451637891361967,0,after_shift,0
587,1.1625365959148073,1.107327652909407,1.1078797423394608,0.05520894300540036,-3.1285584317841355,5.34321373760295,0,after_shift,0
588,2.2354483683099304,1.1078797423394608,1.1191554285991656,1.1275686259704696,-3.020917417693939,5.23667690237286,0,after_shift,0
589,3.6111161484996206,1.1191554285991656,1.1440750357981702,2.491960719900455,-2.9755671068222145,5.213877964020545,0,after_shift,0
590,0.7776256874600969,1.1440750357981702,1.1404105423147894,-0.3664493483380733,-3.1829164956553364,5.471066567251677,0,after_shift,0
591,2.249036122306942,1.1404105423147894,1.1514967981147108,1.1086255799921527,-3.0841771575454793,5.364998242175059,0,after_shift,0
592,3.821298850813109,1.1514967981147108,1.1781948186416948,2.6698020526983983,-3.0327423174947166,5.335735913724139,0,after_shift,0
593,0.3482408518207327,1.1781948186416948,1.169895278973485,-0.8299539668209621,-3.276015939509835,5.632405576793225,0,after_shift,0
594,0.718930793154168,1.169895278973485,1.165385634115292,-0.45096448581931714,-3.2070859202436206,5.54687647819059,0,after_shift,0
595,1.5763933935391616,1.165385634115292,1.1694957117095306,0.4110077594238697,-3.11148030167772,5.442251569908304,0,after_shift,0
596,1.479411587144589,1.1694957117095306,1.1725948704638813,0.3099158754350584,-3.0081855161185675,5.347176939537629,0,after_shift,0
597,2.812601287753645,1.1725948704638813,1.188994934636779,1.6400064172897635,-2.9046089448623684,5.2497986857901315,0,after_shift,0
598,2.241659719820838,1.188994934636779,1.1995215824886196,1.052664785184059,-2.934443057629336,5.312432926902893,0,after_shift,0
599,0.2250379403578717,1.1995215824886196,1.189776746067312,-0.9744836421307479,-2.8810727675718457,5.280115932549085,0,after_shift,0
600,2.51541040290081,1.189776746067312,1.2030330826356472,1.325633656833498,-2.840857943805898,5.220411435940522,0,after_shift,0
601,1.4224611126443496,1.2030330826356472,1.2052273629357342,0.21942803000870237,-2.824931945701519,5.230998110972814,0,after_shift,0
602,3.274447216941239,1.2052273629357342,1.2259195614757892,2.069219854005505,-2.7235057729734664,5.133960498844935,0,after_shift,0
603,1.3724124635630803,1.2259195614757892,1.227384490496662,0.14649290208729115,-2.8471565134860017,5.29899563643758,0,after_shift,0
604,1.3633847168977642,1.227384490496662,1.228744492760673,0.1360002264011022,-2.743775082407419,5.1985440634007425,0,after_shift,0
605,2.5411316108045314,1.228744492760673,1.2418683639411117,1.3123871180438584,-2.64293810831936,5.100427093840706,0,after_shift,0
606,2.762926482336937,1.2418683639411117,1.25707894512507,1.5210581183958252,-2.6331144530212955,5.116851180903518,0,after_shift,0
607,2.4480993639362034,1.25707894512507,1.268989149313181,1.1910204188111335,-2.655189610324345,5.169347500574484,0,after_shift,0
608,0.3144026826151918,1.268989149313181,1.2594432846462011,-0.9545864666979893,-2.6270205175859678,5.1649988162123295,0,after_shift,0
609,2.538034439928251,1.2594432846462011,1.2722291961990218,1.2785911552820497,-2.5915309626611425,5.110417531953544,0,after_shift,0
610,0.965691948325601,1.2722291961990218,1.2691638237202876,-0.30653724787342074,-2.577986437349002,5.122444829747046,0,after_shift,0
611,2.235276111588264,1.2691638237202876,1.2788249465989674,0.9661122878679762,-2.4891917597133695,5.027519407153944,0,after_shift,0
612,0.5762655646009398,1.2788249465989674,1.271799352778987,-0.7025593819980276,-2.441254714604119,4.998904607802054,0,after_shift,0
613,2.4463221475430634,1.271799352778987,1.2835445807266277,1.1745227947640764,-2.384586623805963,4.928185329363937,0,after_shift,0
614,1.193401095692627,1.2835445807266277,1.2826431458762877,-0.0901434850340006,-2.3663153066139686,4.9334044680672235,0,after_shift,0
615,0.7173653497394783,1.2826431458762877,1.2769903679149195,-0.5652777961368094,-2.2753141288684984,4.840600420621074,0,after_shift,0
616,2.7138201364824,1.2769903679149195,1.2913586656005944,1.4368297685674807,-2.211547938385623,4.765528674215462,0,after_shift,0
617,2.241644521676751,1.2913586656005944,1.300861524161356,0.9502858560761567,-2.24282022652254,4.825537557723729,0,after_shift,0
618,1.386023198607103,1.300861524161356,1.3017131409058134,0.08516167444574707,-2.202318297539001,4.804041345861712,0,after_shift,0
619,3.451178849021064,1.3017131409058134,1.3232077979869659,2.149465708115251,-2.113242063759044,4.716668345570671,0,after_shift,0
620,1.5593475784302575,1.3232077979869659,1.3255691957913989,0.23613978044329165,-2.3041761589491814,4.9505917549231135,0,after_shift,0
621,2.0321076739709345,1.3255691957913989,1.332634580573194,0.7065384781795356,-2.213514237902186,4.864652629484984,0,after_shift,0
622,2.268913447678601,1.332634580573194,1.3419973692442482,0.9362788671054068,-2.1492462980079305,4.814515459154318,0,after_shift,0
623,1.3803340658713863,1.3419973692442482,1.3423807362105196,0.03833669662713812,-2.1093498869213936,4.79334462540989,0,after_shift,0
624,2.471136293399929,1.3423807362105196,1.3536682917824137,1.1287555571894092,-2.0216747559817128,4.706436228402752,0,after_shift,0
625,1.4665476528352754,1.3536682917824137,1.3547970853929423,0.11287936105286178,-2.011501241149022,4.71883782471385,0,after_shift,0
626,1.5883616777837908,1.3547970853929423,1.3571327313168509,0.23356459239084848,-1.926038398697923,4.635632569483808,0,after_shift,0
627,3.362642639803341,1.3571327313168509,1.3771878304017158,2.0055099084864905,-1.8444662423921725,4.558731705025874,0,after_shift,0
628,0.9594139474875668,1.3771878304017158,1.3730100915725743,-0.41777388291414896,-2.020996344403824,4.775372005207256,0,after_shift,0
629,-0.4127803309294902,1.3730100915725743,1.3551521873475536,-1.7857904225020644,-1.9509654888678405,4.696985672012989,0,after_shift,0
630,3.6109369950118944,1.3551521873475536,1.377710035424197,2.255784807664341,-2.0990400946904666,4.809344469385574,0,after_shift,0
631,4.549327952607003,1.377710035424197,1.409426214596025,3.171617917182806,-2.3134586683262346,5.068878739174629,0,after_shift,0
632,1.594730734550668,1.409426214596025,1.4112792597955715,0.18530451995464303,-2.77030011319591,5.589152542387961,0,after_shift,0
633,0.0631619593798147,1.4112792597955715,1.3977980867914137,-1.3481173004157567,-2.664510057720391,5.4870685773115335,0,after_shift,0
634,1.6895160238040563,1.3977980867914137,1.40071526616154,0.2917179370126426,-2.676425121109019,5.472021294691847,0,after_shift,0
635,1.7137770501593308,1.40071526616154,1.403845884001518,0.3130617839977907,-2.5751651042788826,5.376595636601962,0,after_shift,0
636,1.810076158977743,1.403845884001518,1.4079081867512804,0.406230274976225,-2.4770492370138317,5.284741005016867,0,after_shift,0
637,0.8866119580781517,1.4079081867512804,1.4026952244645492,-0.5212962286731286,-2.384523745352837,5.200340118855398,0,after_shift,0
638,2.5795611424764773,1.4026952244645492,1.4144638836446686,1.176865918011928,-2.3102147330719642,5.115605182001063,0,after_shift,0
639,2.524507375286086,1.4144638836446686,1.4255643185610827,1.1100434916414175,-2.2895435893736074,5.118471356662944,0,after_shift,0
640,0.5055943801806935,1.4255643185610827,1.4163646191772787,-0.9199699383803892,-2.260650032391319,5.111778669513484,0,after_shift,0
641,2.699196731694888,1.4163646191772787,1.4291929403024548,1.2828321125176092,-2.2291288369263924,5.06185807528095,0,after_shift,0
642,4.052684981945891,1.4291929403024548,1.455427860718889,2.623492041643436,-2.2267183844670386,5.085104265071948,0,after_shift,0
643,2.17196033243706,1.455427860718889,1.4625931854360708,0.7165324717181709,-2.5188170934206813,5.42967281485846,0,after_shift,0
644,1.662674837931494,1.4625931854360708,1.464594001961025,0.2000816524954232,-2.4407297912199217,5.365916162092063,0,after_shift,0
645,1.8579967855924784,1.464594001961025,1.4685280297973398,0.3934027836314533,-2.3422614520239895,5.27144945594604,0,after_shift,0
646,2.615256766968561,1.4685280297973398,1.479995317169052,1.1467287371712214,-2.2513087425267786,5.188364802121458,0,after_shift,0
647,0.2693283944927818,1.479995317169052,1.4678886479422895,-1.2106669226762703,-2.2263600881573735,5.186350722495478,0,after_shift,0
648,2.164390702977302,1.4678886479422895,1.4748536684926394,0.6965020550350127,-2.2347844877815337,5.170561783666113,0,after_shift,0
649,1.6095360505371898,1.4748536684926394,1.476200492313085,0.1346823820445504,-2.164184766755186,5.113892103740465,0,after_shift,0
650,3.847825012956045,1.476200492313085,1.4999167375195144,2.37162452064296,-2.071845928094254,5.0242469127204235,0,after_shift,0
651,1.825827266195042,1.4999167375195144,1.5031758428062696,0.3259105286755277,-2.3066923862819815,5.306525861321011,0,after_shift,0
652,3.66788761111952,1.5031758428062696,1.524822960489402,2.164711768313251,-2.213483587791865,5.219835273404405,0,after_shift,0
653,0.8962593022179928,1.524822960489402,1.5185373239066877,-0.6285636582714091,-2.377941332270871,5.427587253249675,0,after_shift,0
654,2.5872591668027924,1.5185373239066877,1.5292245423356488,1.0687218428961047,-2.3087047890549632,5.345779436868338,0,after_shift,0
655,2.3194002637912288,1.5292245423356488,1.5371262995502044,0.79017572145558,-2.269376246314464,5.327825330985762,0,after_shift,0
656,1.1309527521352176,1.5371262995502044,1.5330645640760545,-0.4061735474149868,-2.2030434166266732,5.277296015727082,0,after_shift,0
657,2.1773961146369403,1.5330645640760545,1.5395078795816635,0.6443315505608858,-2.122570217777181,5.18869934592929,0,after_shift,0
658,3.2125188368316007,1.5395078795816635,1.556237989154163,1.6730109572499372,-2.049685036876308,5.1287007960396345,0,after_shift,0
659,1.6762082957133992,1.556237989154163,1.5574376922197553,0.11997030655923635,-2.1176870305433995,5.230163008851726,0,after_shift,0
660,0.3080373508302367,1.5574376922197553,1.5449436888058599,-1.2494003413895185,-2.0243657070955825,5.1392410915350935,0,after_shift,0
661,1.982437173522554,1.5449436888058599,1.5493186236530267,0.43749348471669425,-2.045362754613486,5.135250132225206,0,after_shift,0
662,1.0975769052074873,1.5493186236530267,1.5448012064685714,-0.45174171844553945,-1.9623641050258962,5.0610013523319495,0,after_shift,0
663,1.6576590613361175,1.5448012064685714,1.5459297850172469,0.11285785486754607,-1.8913523943821835,4.980954807319327,0,after_shift,0
664,1.918412230314879,1.5459297850172469,1.5496546094702233,0.3724824452976321,-1.8040740348522197,4.8959336048867135,0,after_shift,0
665,0.2943477839844828,1.5496546094702233,1.5371015412153657,-1.2553068254857405,-1.7250719044401712,4.8243811233806175,0,after_shift,0
666,0.3843416606793219,1.5371015412153657,1.5255739424100054,-1.1527598805360437,-1.7639210133292598,4.838124095759991,0,after_shift,0
667,2.4820668355255253,1.5255739424100054,1.5351388713411607,0.9564928931155199,-1.783488963354974,4.834636848174985,0,after_shift,0
668,1.4772813038303196,1.5351388713411607,1.5345602956660522,-0.057857567510841035,-1.7533406927059543,4.823618435388275,0,after_shift,0
669,-0.5647443418205671,1.5345602956660522,1.513567249291186,-2.099304637486619,-1.6708880856296056,4.74000867696171,0,after_shift,0
670,2.784844036608135,1.513567249291186,1.5262800171643554,1.2712767873169488,-1.9134344054109498,4.940568903993322,0,after_shift,0
671,2.27236975527424,1.5262800171643554,1.5337409145454544,0.7460897381098845,-1.9210941177028664,4.973654152031577,0,after_shift,0
672,1.286125175963516,1.5337409145454544,1.531264757159635,-0.24761573858193842,-1.863413991880619,4.930895820971528,0,after_shift,0
673,0.6831697889417585,1.531264757159635,1.5227838074774562,-0.8480949682178764,-1.7840360564376876,4.846565570756957,0,after_shift,0
674,2.8358078963143374,1.5227838074774562,1.5359140483658251,1.3130240888368812,-1.7582720887561838,4.8038397037110965,0,after_shift,0
675,2.3493506225604297,1.5359140483658251,1.5440484141077713,0.8134365741946046,-1.781144274989181,4.852972371720831,0,after_shift,0
676,4.382602282684074,1.5440484141077713,1.5724339527935343,2.8385538685763025,-1.734745220999299,4.822842049214842,0,after_shift,0
677,2.420188598724937,1.5724339527935343,1.5809114992528484,0.8477546459314029,-2.1476181900805384,5.2924860956676065,0,after_shift,0
678,2.3877031412620147,1.5809114992528484,1.58897941567294,0.8067916420091663,-2.08927352623035,5.251096524736047,0,after_shift,0
679,1.833072069891435,1.58897941567294,1.591420342215125,0.2440926542184949,-2.028983540790847,5.2069423721367265,0,after_shift,0
680,2.816775867200791,1.591420342215125,1.6036738974649816,1.225355524985666,-1.9387332957100742,5.121573980140324,0,after_shift,0
681,2.6250852012481536,1.6036738974649816,1.6138880105028133,1.021411303783172,-1.9339183267978002,5.141266121727764,0,after_shift,0
682,3.251725008565195,1.6138880105028133,1.630266380483437,1.637836998062382,-1.9015504089662987,5.1293264299719254,0,after_shift,0
683,1.4786770813627153,1.630266380483437,1.6287504874922296,-0.15158929912072172,-1.9680000676170102,5.228532828583884,0,after_shift,0
684,1.5645925270560377,1.6287504874922296,1.6281089078878677,-0.06415796043619193,-1.8798797369647022,5.137380711949161,0,after_shift,0
685,1.5208968290880198,1.6281089078878677,1.6270367870998692,-0.10721207879984784,-1.7919516265359556,5.048169442311691,0,after_shift,0
686,2.790801721178989,1.6270367870998692,1.6386744364406602,1.1637649340791199,-1.7072016341285021,4.9612752083282405,0,after_shift,0
687,3.498374440296732,1.6386744364406602,1.657271436479221,1.8597000038560718,-1.703592088976211,4.980940961857532,0,after_shift,0
688,1.5411595068506994,1.657271436479221,1.6561103171829357,-0.11611192962852157,-1.8310700172104948,5.145612890168937,0,after_shift,0
689,1.5752262722069088,1.6561103171829357,1.6553014767331753,-0.08088404497602686,-1.744796427164004,5.0570170615298755,0,after_shift,0
690,2.3140772238697997,1.6553014767331753,1.6618892342045415,0.6587757471366245,-1.6599364261158094,4.97053937958216,0,after_shift,0
691,1.7542384999870986,1.6618892342045415,1.6628127268623671,0.09234926578255709,-1.5994840506432912,4.923262519052374,0,after_shift,0
692,2.95205365313989,1.6628127268623671,1.6757051361251423,1.2892409262775228,-1.5165843373722885,4.842209791097023,0,after_shift,0
693,-0.2517772906190467,1.6757051361251423,1.6564303118577004,-1.927482426744189,-1.541607621776359,4.893017894026643,0,after_shift,0
694,1.1732949530831054,1.6564303118577004,1.6515989582699546,-0.483135358774595,-1.7355279927919054,5.048388616507307,0,after_shift,0
695,1.2175836660385542,1.6515989582699546,1.6472588053476405,-0.43401529223140045,-1.670320815319042,4.9735187318589515,0,after_shift,0
696,-0.3203560123861448,1.6472588053476405,1.6275826571703027,-1.9676148177337853,-1.6036117867098638,4.898129397405144,0,after_shift,0
697,1.036361555631196,1.6275826571703027,1.6216704461549116,-0.5912211015391067,-1.8048989899654246,5.06006430430603,0,after_shift,0
698,1.0848438841540735,1.6216704461549116,1.6163021805349032,-0.5368265620008381,-1.747324629670329,4.990665521980152,0,after_shift,0
699,1.7988953454811696,1.6163021805349032,1.6181281121843658,0.18259316494626643,-1.687075435003369,4.919679796073176,0,after_shift,0
700,3.112965891660264,1.6181281121843658,1.6330764899791248,1.494837779475898,-1.603935140771052,4.840191365139784,0,after_shift,0
701,1.7549393488092977,1.6330764899791248,1.6342951185674266,0.1218628588301729,-1.6636112446827673,4.929764224641017,0,after_shift,0
702,0.9691862797288462,1.6342951185674266,1.6276440301790407,-0.6651088388385804,-1.5799583358508256,4.8485485729856785,0,after_shift,0
703,1.943045458786471,1.6276440301790407,1.6307980444651151,0.31540142860743026,-1.5368338732282858,4.792121933586367,0,after_shift,0
704,3.0491736214413496,1.6307980444651151,1.6449818002348775,1.4183755769762345,-1.4608017854968725,4.722397874427102,0,after_shift,0
705,1.0240411838850951,1.6449818002348775,1.6387723940713799,-0.6209406163497824,-1.514985795802009,4.804949396271764,0,after_shift,0
706,1.0894251160785515,1.6387723940713799,1.6332789212914516,-0.5493472779928283,-1.4692222503364518,4.746767038479211,0,after_shift,0
707,2.558548959274224,1.6332789212914516,1.6425316216712793,0.9252700379827725,-1.4183519981533512,4.684909840736254,0,after_shift,0
708,1.7784638842691995,1.6425316216712793,1.6438909442972587,0.13593226259792024,-1.395902974386507,4.680966217729066,0,after_shift,0
709,2.6474846907094745,1.6438909442972587,1.6539268817613808,1.0035937464122158,-1.3190122714358414,4.606794160030359,0,after_shift,0
710,1.9863532082047035,1.6539268817613808,1.657251145025814,0.3324263264433227,-1.3113885948849806,4.619242358407742,0,after_shift,0
711,2.701663648089567,1.657251145025814,1.6676952700564516,1.0444125030637528,-1.2415709175311802,4.556073207582808,0,after_shift,0
712,0.9649218859593592,1.6676952700564516,1.6606675362154806,-0.7027733840970923,-1.2432959266494024,4.5786864667623055,0,after_shift,0
713,1.9879153492117323,1.6606675362154806,1.663940014345443,0.3272478129962517,-1.2155151688924382,4.5368502413234,0,after_shift,0
714,1.789309985636843,1.663940014345443,1.665193714058357,0.12536997129140004,-1.1479982165735227,4.475878245264409,0,after_shift,0
715,0.7841090758958693,1.665193714058357,1.6563828676767323,-0.8810846381624877,-1.0768346806057496,4.407222108722464,0,after_shift,0
716,0.4365220521313115,1.6563828676767323,1.6441842595212781,-1.2198608155454207,-1.0807914589071028,4.393557194260567,0,after_shift,0
717,2.685749035274662,1.6441842595212781,1.6545999072788118,1.0415647757533837,-1.1463612630585993,4.434729782101155,0,after_shift,0
718,1.649047617782022,1.6545999072788118,1.6545443843838439,-0.005552289496789875,-1.1535975269931553,4.462797341550779,0,after_shift,0
719,0.9777197183526704,1.6545443843838439,1.6477761377235323,-0.6768246660311735,-1.0825504369408523,4.39163920570854,0,after_shift,0
720,1.903821063076668,1.6477761377235323,1.6503365869770636,0.25604492535313583,-1.058373320588599,4.353925596035664,0,after_shift,0
721,3.128018857349302,1.6503365869770636,1.665113409680786,1.4776822703722385,-0.9928781598599166,4.293551333814044,0,after_shift,0
722,-0.2807378453719229,1.665113409680786,1.645654897130259,-1.945851255052709,-1.0952942032414903,4.425521022603062,0,after_shift,0
723,0.5033613100966736,1.645654897130259,1.634231961259923,-1.1422935870335853,-1.3447814218808798,4.636091216141398,0,after_shift,0
724,1.0771135581047324,1.634231961259923,1.628660777228371,-0.5571184031551906,-1.3795280651353385,4.6479919876551845,0,after_shift,0
725,3.4611788667203287,1.628660777228371,1.6469859581232906,1.8325180894919577,-1.3324679659493812,4.589789520406123,0,after_shift,0
726,2.2825869829192964,1.6469859581232906,1.6533419683712507,0.6356010247960058,-1.4900547506867892,4.784026666933371,0,after_shift,0
727,2.7673172404612267,1.6533419683712507,1.6644817210921503,1.113975272089976,-1.433852241023397,4.7405361777658985,0,after_shift,0
728,0.8598390808737695,1.6644817210921503,1.6564352946899665,-0.8046426402183808,-1.4359461671623763,4.764909609346677,0,after_shift,0
729,0.8804641247294738,1.6564352946899665,1.6486755829903614,-0.7759711699604928,-1.4133159714648376,4.726186560844771,0,after_shift,0
730,2.4478137167227105,1.6486755829903614,1.656666964327685,0.7991381337323491,-1.3882905445340314,4.685641710514754,0,after_shift,0
731,2.0582743309354465,1.656666964327685,1.6606830379937625,0.40160736660776153,-1.3515525900428613,4.664886518698231,0,after_shift,0
732,2.5487388188641265,1.6606830379937625,1.6695635958024662,0.888055780870364,-1.2837176578259477,4.605083733813473,0,after_shift,0
733,1.812329009071548,1.6695635958024662,1.6709912499351571,0.14276541326908188,-1.2614618333158458,4.600589024920778,0,after_shift,0
734,2.278143726454627,1.6709912499351571,1.677062774700352,0.60715247651947,-1.1874237735145392,4.529406273384853,0,after_shift,0
735,2.1581190849051093,1.677062774700352,1.6818733378023996,0.48105631020475736,-1.1385890117166861,4.49271456111739,0,after_shift,0
736,2.777767389084925,1.6818733378023996,1.6928322783152248,1.0958940512825255,-1.0813923138044637,4.445138989409263,0,after_shift,0
737,2.8070082819444706,1.6928322783152248,1.7039740383515172,1.1141760036292458,-1.0989947051347126,4.484659261765162,0,after_shift,0
738,0.3801280056082301,1.7039740383515172,1.6907355780240843,-1.323846032743287,-1.117941567300373,4.525889644003407,0,after_shift,0
739,-0.2472685553408555,1.6907355780240843,1.671355536690435,-1.9380041333649398,-1.199541751997233,4.581012908045402,0,after_shift,0
740,3.001745397651507,1.671355536690435,1.6846594353000455,1.330389860961072,-1.4312489984761427,4.7739600718570125,0,after_shift,0
741,3.1877250932619363,1.6846594353000455,1.6996900918796642,1.5030656579618908,-1.468326274867543,4.837645145467634,0,after_shift,0
742,0.9793769804866626,1.6996900918796642,1.6924869607657342,-0.7203131113930017,-1.534640721682849,4.9340209054421775,0,after_shift,0
743,0.1401645934543713,1.6924869607657342,1.6769637370926205,-1.5523223673113629,-1.4967659237327733,4.881739845264242,0,after_shift,0
744,2.099034821007201,1.6769637370926205,1.6811844479317661,0.4220710839145805,-1.6013184949067485,4.9552459690919894,0,after_shift,0
745,2.930838226350529,1.6811844479317661,1.6936809857159536,1.249653778418763,-1.5266095717888273,4.888978467652359,0,after_shift,0
746,3.7975945224343146,1.6936809857159536,1.714720121083137,2.103913536718361,-1.543320853018429,4.9306828244503365,0,after_shift,0
747,2.516297572101451,1.714720121083137,1.7227358955933203,0.8015774510183138,-1.7416038416358277,5.1710440838021015,0,after_shift,0
748,1.628283303414305,1.7227358955933203,1.7217913696715301,-0.09445259217901536,-1.6887159145592892,5.13418770574593,0,after_shift,0
749,1.106869378415137,1.7217913696715301,1.7156421497589662,-0.614921991256393,-1.6038841800205985,5.047466919363659,0,after_shift,0
750,2.0114512916706544,1.7156421497589662,1.7186002411780832,0.29580914191168817,-1.5519670746783543,4.9832513741962865,0,after_shift,0
751,1.7007352961147435,1.7186002411780832,1.7184215917274497,-0.017864945063339688,-1.4724470654665254,4.909647547822692,0,after_shift,0
752,0.984932094271184,1.7184215917274497,1.7110866967528868,-0.7334894974562657,-1.3918496806697942,4.828692864124694,0,after_shift,0
753,4.048755650863287,1.7110866967528868,1.7344633862939909,2.3376689541104,-1.3601021769245336,4.782275570430308,0,after_shift,0
754,3.785168402072131,1.7344633862939909,1.7549704364517722,2.05070501577814,-1.6448419129450715,5.113768685533053,0,after_shift,0
755,3.1360486835554284,1.7549704364517722,1.768781218922809,1.3810782471036562,-1.814503623962994,5.324444496866539,0,after_shift,0
756,1.0791496021908724,1.768781218922809,1.7618849027554895,-0.6896316167319365,-1.831553143418485,5.3691155812641025,0,after_shift,0
757,2.855019324297279,1.7618849027554895,1.7728162469709075,1.0931344215417893,-1.7776494507550191,5.301419256265998,0,after_shift,0
758,2.639626409497902,1.7728162469709075,1.7814843485961775,0.8668101625269946,-1.7541672455193504,5.299799739461165,0,after_shift,0
759,2.442545624204053,1.7814843485961775,1.7880949613522563,0.6610612756078753,-1.705024487549354,5.267993184741709,0,after_shift,0
760,3.249665267043777,1.7880949613522563,1.8027106644091715,1.4615703056915208,-1.6389456826792037,5.215135605383717,0,after_shift,0
761,2.6353711428612776,1.8027106644091715,1.8110372691936925,0.8326604784521061,-1.6784761574041922,5.283897486222536,0,after_shift,0
762,2.740014236304336,1.8110372691936925,1.820327038864799,0.9289769671106436,-1.6276723967301288,5.249746935117514,0,after_shift,0
763,2.63690628337221,1.820327038864799,1.828492831309873,0.8165792445074109,-1.5887545310938849,5.229408608823483,0,after_shift,0
764,2.3407914080021057,1.828492831309873,1.833615817076795,0.5122985766922328,-1.5391184944301533,5.196104157049899,0,after_shift,0
765,0.2163888702858165,1.833615817076795,1.8174435476088853,-1.6172269467909786,-1.4666672258524431,5.133898860006033,0,after_shift,0
766,2.083621077410557,1.8174435476088853,1.820105322906902,0.26617752980167175,-1.57728988877696,5.2121769839947305,0,after_shift,0
767,1.443808041150875,1.820105322906902,1.8163423500893416,-0.37629728175602706,-1.4934859409226213,5.133696586736425,0,after_shift,0
768,0.7201590423599795,1.8163423500893416,1.805380517012048,-1.0961833077293621,-1.4231965909417137,5.0558812911203965,0,after_shift,0
769,3.681816619300824,1.805380517012048,1.8241448780349359,1.8764361022887759,-1.4366265700867442,5.04738760411084,0,after_shift,0
770,3.728995340885704,1.8241448780349359,1.8431933826634437,1.904850462850768,-1.577257047031634,5.225546803101506,0,after_shift,0
771,3.359220600295612,1.8431933826634437,1.8583536548397652,1.5160272176321683,-1.70981424210666,5.396201007433548,0,after_shift,0
772,2.2552134168558746,1.8583536548397652,1.8623222524599263,0.3968597620161094,-1.7509291490786887,5.46763645875822,0,after_shift,0
773,3.3506251209526567,1.8623222524599263,1.8772052811448536,1.4883028684927304,-1.6656304389103467,5.3902749438302,0,after_shift,0
774,2.0120531806018254,1.8772052811448536,1.8785537601394233,0.13484789945697173,-1.7034228935869313,5.457833455876639,0,after_shift,0
775,2.2027972768977797,1.8785537601394233,1.8817961953070068,0.3242435167583564,-1.6125830174150597,5.369690537693907,0,after_shift,0
776,0.906528629538017,1.8817961953070068,1.8720435196493168,-0.9752675657689898,-1.5278877249099023,5.291480115523916,0,after_shift,0
777,2.39699130449884,1.8720435196493168,1.877292997497812,0.524947784849523,-1.515088495075663,5.259175534374297,0,after_shift,0
778,2.060385928424417,1.877292997497812,1.879123926807078,0.18309293092660495,-1.4428028897446694,5.197388884740294,0,after_shift,0
779,0.6973478831655355,1.879123926807078,1.8673061663706627,-1.1817760436415425,-1.3592352603539295,5.117483113968086,0,after_shift,0
780,1.9488028881834032,1.8673061663706627,1.86812113358879,0.08149672181274048,-1.3870892139746438,5.121701546715969,0,after_shift,0
781,1.9202704361431917,1.86812113358879,1.8686426266143341,0.052149302554401755,-1.3043421993879727,5.040584466565552,0,after_shift,0
782,3.79756116664464,1.8686426266143341,1.8879318120146373,1.9289185400303057,-1.2236900231047314,4.9609752763334,0,after_shift,0
783,2.894213328513409,1.8879318120146373,1.897994627179625,1.0062815164987717,-1.3921173013410302,5.167980925370305,0,after_shift,0
784,2.011445439091466,1.897994627179625,1.8991291352987434,0.11345081191184092,-1.3694902155434774,5.165479469902728,0,after_shift,0
785,2.248787309801083,1.8991291352987434,1.9026257170437668,0.3496581745023397,-1.2865303453393724,5.084788615936859,0,after_shift,0
786,2.044212378104198,1.9026257170437668,1.9040415836543712,0.14158666106043127,-1.2112179508045202,5.016469384892054,0,after_shift,0
787,1.7970860152044523,1.9040415836543712,1.9029720279698719,-0.10695556844991883,-1.1324436082368285,4.940526775545571,0,after_shift,0
788,0.9175728026117131,1.9029720279698719,1.8931180357162902,-0.9853992253581587,-1.057497187657257,4.863441243597,0,after_shift,0
789,1.8489481223930708,1.8931180357162902,1.892676336583058,-0.0441699133232194,-1.0671377493204557,4.853373820753037,0,after_shift,0
790,1.2539017433474866,1.892676336583058,1.8862885906507023,-0.6387745932355713,-0.9927762342904753,4.778128907456591,0,after_shift,0
791,0.7496844610768536,1.8862885906507023,1.874922549354964,-1.1366041295738487,-0.9585593056798063,4.731136486981211,0,after_shift,0
792,2.5112218145475347,1.874922549354964,1.8812855420068895,0.6362992651925707,-1.000810853084709,4.750655951794637,0,after_shift,0
793,2.391264659933235,1.8812855420068895,1.886385333186153,0.5099791179263453,-0.9539472546978132,4.716518338711592,0,after_shift,0
794,0.213292488631922,1.886385333186153,1.8696544047406107,-1.673092844554231,-0.8981529007511888,4.670923567123495,0,after_shift,0
795,1.8773153625048729,1.8696544047406107,1.8697310143182535,0.007660957764262122,-1.0672876047941882,4.806596414275409,0,after_shift,0
796,2.9957013858999235,1.8697310143182535,1.8809907180340701,1.12597037158167,-0.9928505757198409,4.732312604356348,0,after_shift,0
797,3.059223738896321,1.8809907180340701,1.8927730482426925,1.1782330208622507,-1.0095401789811596,4.7715216150493,0,after_shift,0
798,3.025836842885239,1.8927730482426925,1.904103686189118,1.1330637946425464,-1.033336193809331,4.818882290294717,0,after_shift,0
799,2.03891320690146,1.904103686189118,1.9054517813962415,0.13480952071234187,-1.0474610911501068,4.8556684635283425,0,after_shift,0
800,1.1549546720308488,1.9054517813962415,1.8979468103025874,-0.7504971093653927,-0.9727987334446195,4.783702296237102,0,after_shift,0
801,0.9163011726419394,1.8979468103025874,1.8881303539259808,-0.9816456376606479,-0.9522409703352452,4.7481345909404205,0,after_shift,0
802,2.3446049047503577,1.8881303539259808,1.8926950994342244,0.4564745508243768,-0.9668695649399606,4.743130272791922,0,after_shift,0
803,2.3792800343651628,1.8926950994342244,1.8975609487835339,0.48658493493093835,-0.9068118869628357,4.692202085831284,0,after_shift,0
804,3.2873311116050656,1.8975609487835339,1.9114586504117492,1.3897701628215318,-0.8505150332532505,4.645636930820318,0,after_shift,0
805,3.099979650342084,1.9114586504117492,1.9233438604110524,1.1885209999303348,-0.9246448421209383,4.747562142944437,0,after_shift,0
806,1.867771343468828,1.9233438604110524,1.92278813524163,-0.05557251694222454,-0.9536286532936289,4.8003163741157335,0,after_shift,0
807,0.7557941211391306,1.92278813524163,1.911118195100605,-1.1669940141024995,-0.8815855986728254,4.7271618691560855,0,after_shift,0
808,1.6808934029891025,1.911118195100605,1.9088159471794899,-0.2302247921115026,-0.9321422925304206,4.75437868273163,0,after_shift,0
809,2.217231194810525,1.9088159471794899,1.9119000996558002,0.3084152476310351,-0.8667516065298193,4.684383500888799,0,after_shift,0
810,1.797916754610596,1.9119000996558002,1.9107602662053482,-0.11398334504520413,-0.801288147993223,4.625088347304823,0,after_shift,0
811,1.4221058919223442,1.9107602662053482,1.9058737224625182,-0.48865437428300407,-0.7348337002128171,4.556354232623514,0,after_shift,0
812,2.252884814969899,1.9058737224625182,1.909343833387592,0.3470110925073808,-0.6934841708004413,4.505231615725478,0,after_shift,0
813,1.4960422585893896,1.909343833387592,1.90521081763961,-0.4133015747982025,-0.6348684019910631,4.453556068766247,0,after_shift,0
814,1.371933916274626,1.90521081763961,1.8998780486259603,-0.5332769013649841,-0.5900313128953676,4.400452948174587,0,after_shift,0
815,2.31145283430344,1.8998780486259603,1.9039937964827351,0.41157478567747985,-0.5583519120541109,4.358108009306031,0,after_shift,0
816,1.5980074198707952,1.9039937964827351,1.9009339327166157,-0.30598637661193995,-0.5078472066719804,4.31583479963745,0,after_shift,0
817,2.2441043889783523,1.9009339327166157,1.904365637279233,0.3431704562617366,-0.4587822835848012,4.260650149018033,0,after_shift,0
818,2.273204022852122,1.904365637279233,1.908054021134962,0.36883838557288917,-0.4070932685473403,4.215824543105806,0,after_shift,0
819,0.8605709989084254,1.908054021134962,1.8975791909126964,-1.0474830222265366,-0.35842319014714996,4.174531232417074,0,after_shift,0
820,1.5187588761345878,1.8975791909126964,1.8937909877649155,-0.3788203147781086,-0.4205714315947928,4.215729813420186,0,after_shift,0
821,3.4377769399164624,1.8937909877649155,1.909230847286431,1.5439859521515469,-0.37990828150974587,4.167490257039577,0,after_shift,0
822,0.8379204872657129,1.909230847286431,1.898517743686224,-1.071310360020718,-0.5369855429668349,4.355447237539697,0,after_shift,0
823,-0.116654448970531,1.898517743686224,1.8783660217596563,-2.0151721926567547,-0.5917118734206015,4.388747360793049,0,after_shift,0
824,0.1381548467574884,1.8783660217596563,1.8609639100096347,-1.7402111750021678,-0.8998699119482547,4.6566019554675675,0,after_shift,0
825,2.029109946576669,1.8609639100096347,1.8626453703753052,0.16814603656703442,-1.0878351469455296,4.809762966964799,0,after_shift,0
826,2.0309172780326987,1.8626453703753052,1.8643280894518792,0.16827190765739353,-1.0137009187057968,4.738991659456407,0,after_shift,0
827,1.882389144574879,1.8643280894518792,1.8645087000031093,0.018061055122999825,-0.9414590588690852,4.670115237772844,0,after_shift,0
828,3.2141898289285016,1.8645087000031093,1.878005511292363,1.3496811289253923,-0.8702611689930746,4.599278568999293,0,after_shift,0
829,-0.6728344331029379,1.878005511292363,1.8524971118484101,-2.550839944395301,-0.9370887219351376,4.693099744519864,0,after_shift,0
830,2.395933874430824,1.8524971118484101,1.8579314794742343,0.5434367625824139,-1.3811650156346662,5.0861592393314865,0,after_shift,0
831,3.5614382018035733,1.8579314794742343,1.8749665466975276,1.703506722329339,-1.3148650470460495,5.0307280059945185,0,after_shift,0
832,0.872219235108286,1.8749665466975276,1.8649390735816354,-1.0027473115892416,-1.421876902364587,5.171809995759642,0,after_shift,0
833,1.6201934882101048,1.8649390735816354,1.86249161772792,-0.24474558537153057,-1.4180768977696074,5.147955044932878,0,after_shift,0
834,1.247108082771379,1.86249161772792,1.8563377823783547,-0.6153835349565411,-1.341605658486,5.06658889394184,0,after_shift,0
835,1.1056539539224712,1.8563377823783547,1.848830944093796,-0.7506838284558834,-1.2937957053428264,5.006471270099536,0,after_shift,0
836,1.67373799497696,1.848830944093796,1.8470800146026276,-0.17509294911683604,-1.2625611455626369,4.960223033750228,0,after_shift,0
837,3.4274852836845047,1.8470800146026276,1.8628840672934464,1.580405269081877,-1.187803606258555,4.88196363546381,0,after_shift,0
838,3.837386675487521,1.8628840672934464,1.882629093375387,1.9745026081940746,-1.279399979241288,5.005168113828181,0,after_shift,0
839,1.6640607749598524,1.882629093375387,1.8804434101912317,-0.2185683184155347,-1.4542330291951133,5.2194912159458875,0,after_shift,0
840,3.90506021406447,1.8804434101912317,1.9006895782299642,2.024616803873238,-1.3752306879350185,5.136117508317482,0,after_shift,0
841,2.035576476984625,1.9006895782299642,1.9020384472175107,0.13488689875466076,-1.5509804643271607,5.352359620787089,0,after_shift,0
842,3.753691026701081,1.9020384472175107,1.9205549730123466,1.85165257948357,-1.463449970903555,5.267526865338576,0,after_shift,0
843,1.906701350346508,1.9205549730123466,1.9204164367856882,-0.01385362266583856,-1.5870174712402807,5.428127417264974,0,after_shift,0
844,2.131057826046144,1.9204164367856882,1.9225228506782928,0.21064138926045595,-1.4983549206443125,5.339187794215689,0,after_shift,0
845,2.3654744726428345,1.9225228506782928,1.9269523668979383,0.44295162196454174,-1.4126779112483245,5.25772361260491,0,after_shift,0
846,5.178853679367535,1.9269523668979383,1.9594713800226342,3.2519013124695966,-1.337351338177395,5.191256071973271,0,after_shift,0
847,2.851285574844789,1.9594713800226342,1.9683895219708558,0.8918141948221547,-1.89819406824252,5.817136828287788,0,after_shift,0
848,1.2927354700485365,1.9683895219708558,1.9616329814516327,-0.6756540519223193,-1.8388933971646113,5.775672441106323,0,after_shift,0
849,2.968997870275858,1.9616329814516327,1.9717066303398747,1.0073648888242253,-1.7768241660985726,5.700090129001838,0,after_shift,0
850,1.6381674629156584,1.9717066303398747,1.9683712386656325,-0.3335391674242163,-1.7342226135235164,5.677635874203266,0,after_shift,0
851,1.5102498170987908,1.9683712386656325,1.963790024449964,-0.45812142156684166,-1.6506448916919698,5.587387369023235,0,after_shift,0
852,2.908601359892111,1.963790024449964,1.9732381378043853,0.9448113354421472,-1.5769525136066196,5.504532562506547,0,after_shift,0
853,2.0310855877711527,1.9732381378043853,1.9738166123040528,0.057847449966767384,-1.5355673058721655,5.482043581480936,0,after_shift,0
854,2.278575914511806,1.9738166123040528,1.9768642053261305,0.30475930220775305,-1.446364041821681,5.393997266429786,0,after_shift,0
855,2.0139852218652923,1.9768642053261305,1.9772354154915222,0.03712101653916178,-1.3629784745077724,5.316706885160033,0,after_shift,0
856,2.3365831266054347,1.9772354154915222,1.9808288926026612,0.3593477111139125,-1.2781358008491124,5.232606631832157,0,after_shift,0
857,2.424965897436149,1.9808288926026612,1.985270262650996,0.44413700483348806,-1.2012582398054714,5.1629160250107935,0,after_shift,0
858,0.0630330672945846,1.985270262650996,1.9660478906974317,-1.9222371953564112,-1.130521859411009,5.101062384713001,0,after_shift,0
859,2.666572668609533,1.9660478906974317,1.9730531384765526,0.7005247779121013,-1.3332703186230523,5.265366100017916,0,after_shift,0
860,1.0179805801696995,1.9730531384765526,1.9635024128934842,-0.9550725583068531,-1.2768786066601039,5.22298488361321,0,after_shift,0
861,0.5577008644405888,1.9635024128934842,1.949444397408955,-1.4058015484528954,-1.2682814825547408,5.195286308341709,0,after_shift,0
862,1.9415887561413177,1.949444397408955,1.9493658409962786,-0.007855641267637381,-1.3386448481361282,5.2375336429540384,0,after_shift,0
863,2.083981003314454,1.9493658409962786,1.9507119926194605,0.1346151623181755,-1.25547145788968,5.154203139882237,0,after_shift,0
864,1.3064938354277191,1.9507119926194605,1.944269811047543,-0.6442181571917414,-1.1742820178677258,5.075706003106647,0,after_shift,0
865,2.8310318576679743,1.944269811047543,1.9531374315137473,0.8867620466204313,-1.1321023791509603,5.020642001246046,0,after_shift,0
866,0.657824833629093,1.9531374315137473,1.9401843055349006,-1.2953125978846542,-1.1037758281801393,5.010050691207634,0,after_shift,0
867,1.593056251227441,1.9401843055349006,1.9367130249918258,-0.3471280543074595,-1.163443953492765,5.043812564562566,0,after_shift,0
868,1.4151258650669991,1.9367130249918258,1.9314971533925775,-0.5215871599248267,-1.0972788999253484,4.970704949909,0,after_shift,0
869,1.9534127296606607,1.9314971533925775,1.9317163091552583,0.02191557626808316,-1.0462999476317338,4.9092942544168885,0,after_shift,0
870,2.2788642846472387,1.9317163091552583,1.935187788910178,0.3471479754919804,-0.9707185183202489,4.834151136630766,0,after_shift,0
871,0.9921070503764552,1.935187788910178,1.9257569815248408,-0.9430807385337229,-0.9033244629491155,4.773700040769471,0,after_shift,0
872,2.724282677456228,1.9257569815248408,1.9337422384841547,0.7985256959313873,-0.9122924876501664,4.763806450699848,0,after_shift,0
873,2.0630023683347,1.9337422384841547,1.9350348397826602,0.12926012985054536,-0.883834384997189,4.7513188619654985,0,after_shift,0
874,0.1080537466880895,1.9350348397826602,1.9167650288517146,-1.8269810930945707,-0.8125677168574272,4.682637396422748,0,after_shift,0
875,0.0414085596029689,1.9167650288517146,1.8980114641592272,-1.8753564692487457,-1.0283819590469627,4.8619120167503915,0,after_shift,0
876,1.9876807070706888,1.8980114641592272,1.8989081565883419,0.08966924291146161,-1.236127826036906,5.03215075435536,0,after_shift,0
877,1.779032682213646,1.8989081565883419,1.8977094018445948,-0.11987547437469592,-1.156465125637499,4.954281438814183,0,after_shift,0
878,1.8965798864253665,1.8977094018445948,1.8976981066904026,-0.001129515419228344,-1.0813856213567434,4.876804425045933,0,after_shift,0
879,1.972017543469782,1.8976981066904026,1.8984413010581964,0.07431943677937936,-1.0059646446483475,4.8013608580291525,0,after_shift,0
880,2.2255598395101805,1.8984413010581964,1.9017124864427162,0.32711853845198413,-0.9321381493801681,4.729020751496561,0,after_shift,0
881,2.9476496098483,1.9017124864427162,1.9121718576767721,1.0459371234055839,-0.8659081461894531,4.669333119074885,0,after_shift,0
882,0.8888950990824418,1.9121718576767721,1.9019390900908286,-1.0232767585943303,-0.8751262565578357,4.69946997191138,0,after_shift,0
883,0.8280284070992052,1.9019390900908286,1.8911999832609125,-1.0739106829916234,-0.9001622883108706,4.704040468492527,0,after_shift,0
884,0.9066761421126176,1.8911999832609125,1.8813547448494297,-0.9845238411482949,-0.9333639473075315,4.715763913829356,0,after_shift,0
885,2.288916667168707,1.8813547448494297,1.8854303640726224,0.40756192231927724,-0.9497991833537109,4.71250867305257,0,after_shift,0
886,3.2449473786464456,1.8854303640726224,1.8990255342183606,1.3595170145738231,-0.8875479916231324,4.658408719768377,0,after_shift,0
887,1.5686605617604896,1.8990255342183606,1.8957218844937818,-0.330364972457871,-0.9534588993783153,4.7515099678150365,0,after_shift,0
888,-0.5016998441596545,1.8957218844937818,1.8717476672072473,-2.3974217286534363,-0.8933545806605836,4.684798349648148,0,after_shift,0
889,0.2960071373896245,1.8717476672072473,1.855990261909071,-1.5757405298176228,-1.2868016956036157,5.03029703001811,0,after_shift,0
890,1.1669632772039884,1.855990261909071,1.84909999206202,-0.6890269847050825,-1.3989972298083282,5.11097775362647,0,after_shift,0
891,1.4422711125047851,1.84909999206202,1.8450317032664476,-0.4068288795572348,-1.3569626361812572,5.055162620305297,0,after_shift,0
892,1.5916113727452736,1.8450317032664476,1.842497499961236,-0.25342033052117396,-1.2917461146808307,4.981809521213726,0,after_shift,0
893,2.038581122980917,1.842497499961236,1.8444583361914328,0.19608362301968119,-1.219577966772469,4.904572966694941,0,after_shift,0
894,1.688253669177553,1.8444583361914328,1.8428962895212941,-0.15620466701387992,-1.1429808364146394,4.831897508797505,0,after_shift,0
895,3.049339610543407,1.8428962895212941,1.8549607227315152,1.206443321022113,-1.0707840504643404,4.756576629506929,0,after_shift,0
896,1.3239826943186312,1.8549607227315152,1.8496509424473864,-0.530978028412884,-1.0980096354866897,4.80793108094972,0,after_shift,0
897,1.137682040524457,1.8496509424473864,1.8425312534281573,-0.7119689019229294,-1.0505049481359698,4.749806833030743,0,after_shift,0
898,2.478875538520461,1.8425312534281573,1.8488946962790804,0.6363442850923038,-1.0242550750219555,4.70931758187827,0,after_shift,0
899,0.4643579300738807,1.8488946962790804,1.8350493286170284,-1.3845367662051997,-0.977721829262612,4.675511221820773,0,after_shift,0
900,2.3896917053200024,1.8350493286170284,1.8405957523840581,0.554642376702974,-1.0723372743273405,4.742435931561397,0,after_shift,0
901,2.102553183726267,1.8405957523840581,1.8432153266974802,0.26195743134220884,-1.0174953397169273,4.698686844485044,0,after_shift,0
902,1.8525575100818328,1.8432153266974802,1.8433087485313238,0.009342183384352554,-0.9480442849000481,4.634474938295009,0,after_shift,0
903,3.5882761071492624,1.8433087485313238,1.860758422117503,1.7449673586179386,-0.8772818091867023,4.56389930624935,0,after_shift,0
904,1.377792554705282,1.860758422117503,1.855928763443381,-0.48296586741222103,-1.03781749042924,4.7593343346642465,0,after_shift,0
905,4.060298170524078,1.855928763443381,1.8779724575141878,2.204369407080697,-0.9877696062584294,4.699627133145191,0,after_shift,0
906,1.774568550771901,1.8779724575141878,1.8769384184467648,-0.10340390674228694,-1.263515949952165,5.019460864980541,0,after_shift,0
907,0.7229835550297719,1.8769384184467648,1.865398869812595,-1.153954863416993,-1.1857913295234201,4.93966816641695,0,after_shift,0
908,2.069919580994825,1.865398869812595,1.8674440769244172,0.20452071118223025,-1.2185147404735484,4.9493124800987385,0,after_shift,0
909,0.923754799681232,1.8674440769244172,1.8580071841519852,-0.9436892772431852,-1.1415125399959443,4.876400693844778,0,after_shift,0
910,1.2482441521864998,1.8580071841519852,1.8519095538323302,-0.6097630319654854,-1.1423054961825299,4.8583198644865,0,after_shift,0
911,2.397033300015491,1.8519095538323302,1.8573607912941617,0.5451237461831608,-1.1009022079644764,4.804721315629137,0,after_shift,0
912,2.555582088650125,1.8573607912941617,1.8643430042677211,0.6982212973559632,-1.043822482814702,4.758544065403026,0,after_shift,0
913,1.3778322997457415,1.8643430042677211,1.8594778972225015,-0.48651070452197964,-1.0019092546074857,4.730595263142928,0,after_shift,0
914,2.9874051450464005,1.8594778972225015,1.8707571697007406,1.127927247823899,-0.9531976280484769,4.67215342249348,0,after_shift,0
915,3.1575077580211337,1.8707571697007406,1.8836246755839445,1.2867505883203931,-0.9731987677758009,4.714713107177282,0,after_shift,0
916,3.436301756563291,1.8836246755839445,1.899151446393738,1.5526770809793464,-1.0196077109185495,4.786857062086439,0,after_shift,0
917,2.5294134071257224,1.899151446393738,1.9054540660010577,0.6302619607319844,-1.1161732672224358,4.914476160009912,0,after_shift,0
918,3.3634287120856987,1.9054540660010577,1.920033812461904,1.457974646084641,-1.0637760589190055,4.874684190921121,0,after_shift,0
919,0.1192015720259422,1.920033812461904,1.9020254900575444,-1.8008322404359618,-1.1348101588200512,4.974877783743859,0,after_shift,0
920,1.6820934513715375,1.9020254900575444,1.8998261696706844,-0.21993203868600686,-1.3111997814758642,5.1152507615909535,0,after_shift,0
921,1.1329947436765735,1.8998261696706844,1.8921578554107432,-0.7668314259941109,-1.2355115089658864,5.035163848307255,0,after_shift,0
922,2.119225861127392,1.8921578554107432,1.8944285354679096,0.22706800571664898,-1.2067837279811937,4.99109943880268,0,after_shift,0
923,1.4285507808032627,1.8944285354679096,1.8897697579212631,-0.46587775466464687,-1.1298844337965148,4.918741504732334,0,after_shift,0
924,1.833842158050268,1.8897697579212631,1.8892104819225533,-0.05592759987099516,-1.074486375797459,4.854025891639985,0,after_shift,0
925,3.882174880204049,1.8892104819225533,1.9091401259053682,1.992964398281496,-1.0002325886996926,4.7786535525447995,0,after_shift,0
926,1.8302802035796215,1.9091401259053682,1.9083515266821107,-0.07885992232574668,-1.208358131867433,5.026638383678169,0,after_shift,0
927,2.413792317190214,1.9083515266821107,1.9134059345871917,0.5054407905081033,-1.1306703747135967,4.947373428077818,0,after_shift,0
928,1.767730670075765,1.9134059345871917,1.9119491819420773,-0.14567526451142676,-1.0680086773082915,4.894820546482675,0,after_shift,0
929,2.075713287956834,1.9119491819420773,1.9135868230022248,0.16376410601475655,-0.9956169842583433,4.819515348142498,0,after_shift,0
930,2.0060166804360717,1.9135868230022248,1.9145111215765633,0.09242985743384691,-0.9224865835548426,4.749660229559292,0,after_shift,0
931,2.4483240659731598,1.9145111215765633,1.9198492510205292,0.5338129443965964,-0.8504466040236955,4.679468847176822,0,after_shift,0
932,3.1653075355471767,1.9198492510205292,1.9323038338657956,1.2454582845266475,-0.7987849612193487,4.638483463260407,0,after_shift,0
933,3.6473939976033294,1.9323038338657956,1.9494547355031708,1.7150901637375338,-0.8460856696571195,4.710693337388711,0,after_shift,0
934,2.309620081909167,1.9494547355031708,1.9530563889672308,0.36016534640599596,-0.9928515441028718,4.891761015109213,0,after_shift,0
935,2.589546886035602,1.9530563889672308,1.9594212939379145,0.6364904970683714,-0.924908432811691,4.831021210746153,0,after_shift,0
936,0.8491354908144331,1.9594212939379145,1.9483184359066796,-1.1102858031234815,-0.8779809525568238,4.796823540432653,0,after_shift,0
937,1.9121232575843796,1.9483184359066796,1.9479564841234567,-0.036195178322300015,-0.9157764450409851,4.812413316854345,0,after_shift,0
938,2.940289464883589,1.9479564841234567,1.957879813931058,0.9923329807601322,-0.84372348565053,4.739636453897443,0,after_shift,0
939,2.865968638417153,1.957879813931058,1.966960702175919,0.908088824486095,-0.8433572942181884,4.759116922080304,0,after_shift,0
940,2.21160973279505,1.966960702175919,1.9694071924821102,0.24464903061913112,-0.8304781729720578,4.764399577323896,0,after_shift,0
941,2.886393959567952,1.9694071924821102,1.9785770601529686,0.916986767085842,-0.7621335748984563,4.700947959862677,0,after_shift,0
942,2.490766708993819,1.9785770601529686,1.9836989566413772,0.5121896488408504,-0.7539379616947903,4.711092082000728,0,after_shift,0
943,3.200306258259322,1.9836989566413772,1.9958650296575564,1.2166073016179446,-0.7016983386881885,4.669096251970943,0,after_shift,0
944,2.289359156957111,1.9958650296575564,1.998799970930552,0.2934941272995546,-0.7458225344045346,4.737552593719648,0,after_shift,0
945,1.6443016844289653,1.998799970930552,1.9952549880655361,-0.35449828650158666,-0.680709429170105,4.678309371031209,0,after_shift,0
946,2.335841256933024,1.9952549880655361,1.998660850754211,0.3405862688674879,-0.627212010730835,4.617721986861907,0,after_shift,0
947,-0.9305943758527756,1.998660850754211,1.969368298488141,-2.9292552266069865,-0.5675944083209121,4.564916109829334,1,after_shift,0
948,2.3828857363850493,1.969368298488141,1.9735034728671101,0.4135174378969082,-1.211452984477337,5.150189581453619,0,after_shift,0
949,-1.6484128252147836,1.9735034728671101,1.9372843098862913,-3.621916298081894,-1.1391628013434765,5.0861697470776965,1,after_shift,0
950,0.2765365925945819,1.9372843098862913,1.9206768327133743,-1.6607477172917093,-1.9495500986674963,5.824118718440079,0,after_shift,0
951,2.451768600940984,1.9206768327133743,1.9259877503956504,0.5310917682276097,-2.0281514713234214,5.86950513675017,0,after_shift,0
952,2.4775293372667955,1.9259877503956504,1.9315031662643618,0.5515415868711451,-1.9393077151347173,5.791283215926018,0,after_shift,0
953,0.8375712198600695,1.9315031662643618,1.920563846800319,-1.0939319464042923,-1.8540447120458425,5.717051044574566,0,after_shift,0
954,1.2878979581210612,1.920563846800319,1.9142371879135263,-0.6326658886792578,-1.8413988455377768,5.682526539138415,0,after_shift,0
955,3.370540988614132,1.9142371879135263,1.9288002259205324,1.4563038007006057,-1.7769502755771522,5.6054246514042045,0,after_shift,0
956,1.515969868427324,1.9288002259205324,1.9246719223456004,-0.4128303574932084,-1.7992007113204949,5.65680116316156,0,after_shift,0
957,4.242920312402985,1.9246719223456004,1.9478544062461742,2.3182483900573847,-1.719471933966478,5.568815778657679,0,after_shift,0
958,1.9980801468236535,1.9478544062461742,1.948356663651949,0.050225740577479305,-1.9295441085216665,5.825252921014015,0,after_shift,0
959,2.408036176881267,1.948356663651949,1.952953458784242,0.4596795132293181,-1.831014112213408,5.727727439517306,0,after_shift,0
960,3.616874398498608,1.952953458784242,1.9695926681813858,1.663920939714366,-1.743605569973325,5.649512487541809,0,after_shift,0
961,2.13102711619342,1.9695926681813858,1.971207012661506,0.161434448012034,-1.8023042050859104,5.741489541448682,0,after_shift,0
962,0.9976560193091988,1.971207012661506,1.9614715027279828,-0.9735509933523072,-1.7067779258459448,5.649191951168957,0,after_shift,0
963,1.89027254830571,1.9614715027279828,1.96075951318376,-0.07119895442227286,-1.6823870618967525,5.6053300673527175,0,after_shift,0
964,1.964389263809909,1.96075951318376,1.9607958106900216,0.0036297506261488977,-1.5911556262923303,5.51267465265985,0,after_shift,0
965,0.6352583477984346,1.9607958106900216,1.9475404360611057,-1.325537462891587,-1.501183685050502,5.4227753064305455,0,after_shift,0
966,1.7441679286591767,1.9475404360611057,1.9455067109870863,-0.20337250740192903,-1.5419737467399182,5.437054618862129,0,after_shift,0
967,1.257807906002563,1.9455067109870863,1.9386297229372411,-0.6876988049845232,-1.4583860517062603,5.349399473680433,0,after_shift,0
968,2.924357757187434,1.9386297229372411,1.948487003279743,0.9857280342501931,-1.4109941341234367,5.288253579997919,0,after_shift,0
969,2.034611874185256,1.948487003279743,1.9493482519887981,0.08612487090551313,-1.3826130966089691,5.279587103168455,0,after_shift,0
970,1.71720425085243,1.9493482519887981,1.9470268119774343,-0.23214400113636824,-1.2979205009371866,5.196617004914783,0,after_shift,0
971,1.893818069377424,1.9470268119774343,1.9464947245514344,-0.053208742600010295,-1.2218479903477735,5.115901614302642,0,after_shift,0
972,2.223122018406166,1.9464947245514344,1.9492609974899817,0.2766272938547316,-1.1423486129781866,5.035338062081055,0,after_shift,0
973,2.61681419968978,1.9492609974899817,1.9559365295119797,0.6675532021997983,-1.067084589885327,4.965606584865291,0,after_shift,0
974,1.0002877713306186,1.9559365295119797,1.946380041930166,-0.9556487581813611,-1.0179424092395315,4.929815468263491,0,after_shift,0
975,0.958412367378728,1.946380041930166,1.9365003651846515,-0.987967674551438,-1.022243745667116,4.915003829527448,0,after_shift,0
976,3.10467921540253,1.9365003651846515,1.9481821536868305,1.1681788502178785,-1.0318875625221318,4.904888292891435,0,after_shift,0
977,1.5876631277952695,1.9481821536868305,1.9445769634279149,-0.36051902589156093,-1.0492916771632346,4.945655984536895,0,after_shift,0
978,0.5831579074031259,1.9445769634279149,1.930962772867667,-1.361419056024789,-0.9869917606365277,4.876145687492357,0,after_shift,0
979,2.443812709383105,1.930962772867667,1.9360912722328214,0.512849936515438,-1.0687785918945563,4.93070413762989,0,after_shift,0
980,2.463369806032687,1.9360912722328214,1.94136405757082,0.5272785337998656,-1.0078656939124038,4.880048238378047,0,after_shift,0
981,0.4692847427432935,1.94136405757082,1.9266432644225449,-1.4720793148275264,-0.9497687102352537,4.832496825376894,0,after_shift,0
982,2.2294817154636064,1.9266432644225449,1.9296716489329553,0.30283845104106155,-1.0593028379279807,4.91258936677307,0,after_shift,0
983,2.735583092428373,1.9296716489329553,1.9377307633679095,0.8059114434954178,-0.9877502312856405,4.847093529151551,0,after_shift,0
984,2.374386451706263,1.9377307633679095,1.942097320251293,0.43665568833835344,-0.9567562154350502,4.832217742170869,0,after_shift,0
985,2.631981483761395,1.942097320251293,1.948996161886394,0.6898841635101021,-0.8942652821865722,4.778459922689159,0,after_shift,0
986,0.5957309019092509,1.948996161886394,1.9354635092866226,-1.353265259977143,-0.85401618975614,4.752008513528928,0,after_shift,0
987,2.331040154996196,1.9354635092866226,1.9394192757437183,0.3955766457095735,-0.9434479898784751,4.81437500845172,0,after_shift,0
988,1.6973802405295535,1.9394192757437183,1.9369988853915765,-0.2420390352141648,-0.8791160258282977,4.757954577315735,0,after_shift,0
989,1.5172098412753552,1.9369988853915765,1.9328009949504141,-0.4197890441162213,-0.8149634120341358,4.688961182817289,0,after_shift,0
990,2.8705556094197267,1.9328009949504141,1.9421785410951073,0.9377546144693125,-0.764221797098622,4.6298237869994505,0,after_shift,0
991,3.47927451067423,1.9421785410951073,1.9575495007908985,1.5370959695791229,-0.7607750316511395,4.645132113841354,0,after_shift,0
992,3.794370054600359,1.9575495007908985,1.975917706328993,1.8368205538094606,-0.8715597096256922,4.786658711207489,0,after_shift,0
993,3.314807871505905,1.975917706328993,1.9893066079807622,1.3388901651769118,-1.044334826878187,4.996170239536173,0,after_shift,0
994,1.890265818369816,1.9893066079807622,1.9883162000846528,-0.0990407896109462,-1.0884378891486737,5.067051105110198,0,after_shift,0
995,2.3527201630263432,1.9883162000846528,1.9919602397140697,0.3644039629416904,-1.01223370205546,4.988866102224765,0,after_shift,0
996,2.766822871784244,1.9919602397140697,1.9997088660347715,0.7748626320701741,-0.9428123820003984,4.926732861428538,0,after_shift,0
997,2.121177949299462,1.9997088660347715,2.000923556867418,0.12146908326469052,-0.9075976655279039,4.907015397597447,0,after_shift,0
998,2.130764187911544,2.000923556867418,2.0022219631778593,0.12984063104412602,-0.8339396386375726,4.8357867523724085,0,after_shift,0
999,2.823753131876182,2.0022219631778593,2.0104372748648425,0.8215311686983227,-0.7622333603223779,4.766677286678096,0,after_shift,0
