time,x,prediction,ewma,error,error_variance_before,error_std_before,control_limit_multiplier,control_limit_half_width,lcl,ucl,stage_1_alarm,error_variance_after,variance_update_mode,lambda,variance_smoothing,variance_updated
0,0.2849601995,0.052107843,0.0986783143,0.2328523564,1.2178779582,1.1035750804,2.5,2.7589377011,-2.7068298581,2.8110455442,0,1.2178779582,frozen,0.2,0.05,0
1,-0.3032257572,0.0986783143,0.0182975,-0.4019040715,1.2178779582,1.1035750804,2.5,2.7589377011,-2.6602593868,2.8576160154,0,1.2178779582,frozen,0.2,0.05,0
2,-0.3841621129,0.0182975,-0.0621944226,-0.4024596129,1.2178779582,1.1035750804,2.5,2.7589377011,-2.7406402011,2.7772352011,0,1.2178779582,frozen,0.2,0.05,0
3,-0.6437426935,-0.0621944226,-0.1785040767,-0.5815482709,1.2178779582,1.1035750804,2.5,2.7589377011,-2.8211321237,2.6967432786,0,1.2178779582,frozen,0.2,0.05,0
4,-0.2116451877,-0.1785040767,-0.1851322989,-0.0331411109,1.2178779582,1.1035750804,2.5,2.7589377011,-2.9374417779,2.5804336244,0,1.2178779582,frozen,0.2,0.05,0
5,0.5847693067,-0.1851322989,-0.0311519778,0.7699016056,1.2178779582,1.1035750804,2.5,2.7589377011,-2.9440700001,2.5738054022,0,1.2178779582,frozen,0.2,0.05,0
6,0.93189693,-0.0311519778,0.1614578038,0.9630489078,1.2178779582,1.1035750804,2.5,2.7589377011,-2.7900896789,2.7277857233,0,1.2178779582,frozen,0.2,0.05,0
7,-0.06876763,0.1614578038,0.115412717,-0.2302254338,1.2178779582,1.1035750804,2.5,2.7589377011,-2.5974798974,2.9203955049,0,1.2178779582,frozen,0.2,0.05,0
8,-0.5738850875,0.115412717,-0.0224468439,-0.6892978045,1.2178779582,1.1035750804,2.5,2.7589377011,-2.6435249841,2.8743504181,0,1.2178779582,frozen,0.2,0.05,0
9,-1.9373807525,-0.0224468439,-0.4054336256,-1.9149339086,1.2178779582,1.1035750804,2.5,2.7589377011,-2.781384545,2.7364908572,0,1.2178779582,frozen,0.2,0.05,0
10,2.1668748524,-0.4054336256,0.10902807,2.572308478,1.2178779582,1.1035750804,2.5,2.7589377011,-3.1643713267,2.3535040755,0,1.2178779582,frozen,0.2,0.05,0
11,-0.6399276972,0.10902807,-0.0407630835,-0.7489557672,1.2178779582,1.1035750804,2.5,2.7589377011,-2.6499096311,2.8679657711,0,1.2178779582,frozen,0.2,0.05,0
12,-0.624890238,-0.0407630835,-0.1575885144,-0.5841271545,1.2178779582,1.1035750804,2.5,2.7589377011,-2.7997007846,2.7181746177,0,1.2178779582,frozen,0.2,0.05,0
13,-0.7866600808,-0.1575885144,-0.2834028276,-0.6290715664,1.2178779582,1.1035750804,2.5,2.7589377011,-2.9165262155,2.6013491868,0,1.2178779582,frozen,0.2,0.05,0
14,0.2668496474,-0.2834028276,-0.1733523326,0.5502524751,1.2178779582,1.1035750804,2.5,2.7589377011,-3.0423405288,2.4755348735,0,1.2178779582,frozen,0.2,0.05,0
15,-0.3877122802,-0.1733523326,-0.2162243221,-0.2143599476,1.2178779582,1.1035750804,2.5,2.7589377011,-2.9322900338,2.5855853685,0,1.2178779582,frozen,0.2,0.05,0
16,0.698003242,-0.2162243221,-0.0333788093,0.9142275641,1.2178779582,1.1035750804,2.5,2.7589377011,-2.9751620233,2.542713379,0,1.2178779582,frozen,0.2,0.05,0
17,0.8220245216,-0.0333788093,0.1377018569,0.8554033309,1.2178779582,1.1035750804,2.5,2.7589377011,-2.7923165104,2.7255588918,0,1.2178779582,frozen,0.2,0.05,0
18,-0.0844294285,0.1377018569,0.0932755998,-0.2221312854,1.2178779582,1.1035750804,2.5,2.7589377011,-2.6212358443,2.896639558,0,1.2178779582,frozen,0.2,0.05,0
19,0.898294028,0.0932755998,0.2542792854,0.8050184283,1.2178779582,1.1035750804,2.5,2.7589377011,-2.6656621013,2.8522133009,0,1.2178779582,frozen,0.2,0.05,0
20,-0.6869613503,0.2542792854,0.0660311583,-0.9412406358,1.2178779582,1.1035750804,2.5,2.7589377011,-2.5046584157,3.0132169866,0,1.2178779582,frozen,0.2,0.05,0
21,-0.9856803363,0.0660311583,-0.1443111406,-1.0517114946,1.2178779582,1.1035750804,2.5,2.7589377011,-2.6929065428,2.8249688594,0,1.2178779582,frozen,0.2,0.05,0
22,-0.0572672146,-0.1443111406,-0.1269023554,0.0870439261,1.2178779582,1.1035750804,2.5,2.7589377011,-2.9032488418,2.6146265605,0,1.2178779582,frozen,0.2,0.05,0
23,0.4905641314,-0.1269023554,-0.003409058,0.6174664868,1.2178779582,1.1035750804,2.5,2.7589377011,-2.8858400565,2.6320353457,0,1.2178779582,frozen,0.2,0.05,0
24,-0.7297875272,-0.003409058,-0.1486847519,-0.7263784691,1.2178779582,1.1035750804,2.5,2.7589377011,-2.7623467592,2.7555286431,0,1.2178779582,frozen,0.2,0.05,0
25,2.2954148057,-0.1486847519,0.3401351596,2.4440995576,1.2178779582,1.1035750804,2.5,2.7589377011,-2.907622453,2.6102529493,0,1.2178779582,frozen,0.2,0.05,0
26,0.3709322946,0.3401351596,0.3462945866,0.0307971349,1.2178779582,1.1035750804,2.5,2.7589377011,-2.4188025415,3.0990728608,0,1.2178779582,frozen,0.2,0.05,0
27,0.8862868346,0.3462945866,0.4542930362,0.5399922479,1.2178779582,1.1035750804,2.5,2.7589377011,-2.4126431145,3.1052322878,0,1.2178779582,frozen,0.2,0.05,0
28,-0.0138173989,0.4542930362,0.3606709492,-0.4681104351,1.2178779582,1.1035750804,2.5,2.7589377011,-2.3046446649,3.2132307373,0,1.2178779582,frozen,0.2,0.05,0
29,-0.382012096,0.3606709492,0.2121343402,-0.7426830451,1.2178779582,1.1035750804,2.5,2.7589377011,-2.3982667519,3.1196086503,0,1.2178779582,frozen,0.2,0.05,0
30,0.3664362395,0.2121343402,0.24299472,0.1543018994,1.2178779582,1.1035750804,2.5,2.7589377011,-2.546803361,2.9710720413,0,1.2178779582,frozen,0.2,0.05,0
31,-1.3766698802,0.24299472,-0.0809382,-1.6196646003,1.2178779582,1.1035750804,2.5,2.7589377011,-2.5159429811,3.0019324212,0,1.2178779582,frozen,0.2,0.05,0
32,-1.570705561,-0.0809382,-0.3788916722,-1.489767361,1.2178779582,1.1035750804,2.5,2.7589377011,-2.8398759011,2.6779995011,0,1.2178779582,frozen,0.2,0.05,0
33,0.806142526,-0.3788916722,-0.1418848326,1.1850341983,1.2178779582,1.1035750804,2.5,2.7589377011,-3.1378293733,2.3800460289,0,1.2178779582,frozen,0.2,0.05,0
34,0.3977638393,-0.1418848326,-0.0339550982,0.5396486718,1.2178779582,1.1035750804,2.5,2.7589377011,-2.9008225337,2.6170528686,0,1.2178779582,frozen,0.2,0.05,0
35,-0.5700614232,-0.0339550982,-0.1411763632,-0.536106325,1.2178779582,1.1035750804,2.5,2.7589377011,-2.7928927993,2.7249826029,0,1.2178779582,frozen,0.2,0.05,0
36,0.5350698841,-0.1411763632,-0.0059271137,0.6762462473,1.2178779582,1.1035750804,2.5,2.7589377011,-2.9001140643,2.6177613379,0,1.2178779582,frozen,0.2,0.05,0
37,-0.7532550735,-0.0059271137,-0.1553927057,-0.7473279598,1.2178779582,1.1035750804,2.5,2.7589377011,-2.7648648149,2.7530105874,0,1.2178779582,frozen,0.2,0.05,0
38,-1.8447899224,-0.1553927057,-0.493272149,-1.6893972167,1.2178779582,1.1035750804,2.5,2.7589377011,-2.9143304068,2.6035449954,0,1.2178779582,frozen,0.2,0.05,0
39,-0.7146343085,-0.493272149,-0.5375445809,-0.2213621595,1.2178779582,1.1035750804,2.5,2.7589377011,-3.2522098502,2.2656655521,0,1.2178779582,frozen,0.2,0.05,0
40,-0.241799963,-0.5375445809,-0.4783956574,0.2957446179,1.2178779582,1.1035750804,2.5,2.7589377011,-3.2964822821,2.2213931202,0,1.2178779582,frozen,0.2,0.05,0
41,-0.1730001936,-0.4783956574,-0.4173165646,0.3053954638,1.2178779582,1.1035750804,2.5,2.7589377011,-3.2373333585,2.2805420438,0,1.2178779582,frozen,0.2,0.05,0
42,0.1078446586,-0.4173165646,-0.3122843199,0.5251612232,1.2178779582,1.1035750804,2.5,2.7589377011,-3.1762542657,2.3416211365,0,1.2178779582,frozen,0.2,0.05,0
43,0.2864456969,-0.3122843199,-0.1925383166,0.5987300168,1.2178779582,1.1035750804,2.5,2.7589377011,-3.0712220211,2.4466533812,0,1.2178779582,frozen,0.2,0.05,0
44,0.0905791941,-0.1925383166,-0.1359148144,0.2831175107,1.2178779582,1.1035750804,2.5,2.7589377011,-2.9514760177,2.5663993845,0,1.2178779582,frozen,0.2,0.05,0
45,1.1278745333,-0.1359148144,0.1168430551,1.2637893478,1.2178779582,1.1035750804,2.5,2.7589377011,-2.8948525156,2.6230228867,0,1.2178779582,frozen,0.2,0.05,0
46,-1.5429162137,0.1168430551,-0.2151087986,-1.6597592688,1.2178779582,1.1035750804,2.5,2.7589377011,-2.642094646,2.8757807562,0,1.2178779582,frozen,0.2,0.05,0
47,-1.6519681143,-0.2151087986,-0.5024806618,-1.4368593156,1.2178779582,1.1035750804,2.5,2.7589377011,-2.9740464998,2.5438289025,0,1.2178779582,frozen,0.2,0.05,0
48,1.771314431,-0.5024806618,-0.0477216432,2.2737950928,1.2178779582,1.1035750804,2.5,2.7589377011,-3.2614183629,2.2564570394,0,1.2178779582,frozen,0.2,0.05,0
49,-0.6863548981,-0.0477216432,-0.1754482942,-0.6386332549,1.2178779582,1.1035750804,2.5,2.7589377011,-2.8066593443,2.7112160579,0,1.2178779582,frozen,0.2,0.05,0
50,-0.7568763776,-0.1754482942,-0.2917339109,-0.5814280834,1.2178779582,1.1035750804,2.5,2.7589377011,-2.9343859953,2.5834894069,0,1.2178779582,frozen,0.2,0.05,0
51,2.3973954212,-0.2917339109,0.2460919555,2.689129332,1.2178779582,1.1035750804,2.5,2.7589377011,-3.050671612,2.4672037903,0,1.2178779582,frozen,0.2,0.05,0
52,0.9612644734,0.2460919555,0.3891264591,0.7151725179,1.2178779582,1.1035750804,2.5,2.7589377011,-2.5128457456,3.0050296567,0,1.2178779582,frozen,0.2,0.05,0
53,1.4708877737,0.3891264591,0.605478722,1.0817613146,1.2178779582,1.1035750804,2.5,2.7589377011,-2.369811242,3.1480641602,0,1.2178779582,frozen,0.2,0.05,0
54,0.8407784048,0.605478722,0.6525386586,0.2352996828,1.2178779582,1.1035750804,2.5,2.7589377011,-2.1534589791,3.3644164231,0,1.2178779582,frozen,0.2,0.05,0
55,-0.4314769873,0.6525386586,0.4357355294,-1.0840156459,1.2178779582,1.1035750804,2.5,2.7589377011,-2.1063990425,3.4114763597,0,1.2178779582,frozen,0.2,0.05,0
56,2.1822915784,0.4357355294,0.7850467392,1.746556049,1.2178779582,1.1035750804,2.5,2.7589377011,-2.3232021717,3.1946732305,0,1.2178779582,frozen,0.2,0.05,0
57,1.1356852953,0.7850467392,0.8551744504,0.3506385561,1.2178779582,1.1035750804,2.5,2.7589377011,-1.9738909619,3.5439844403,0,1.2178779582,frozen,0.2,0.05,0
58,-0.3769812108,0.8551744504,0.6087433182,-1.2321556612,1.2178779582,1.1035750804,2.5,2.7589377011,-1.9037632507,3.6141121516,0,1.2178779582,frozen,0.2,0.05,0
59,-0.5558238978,0.6087433182,0.375829875,-1.164567216,1.2178779582,1.1035750804,2.5,2.7589377011,-2.1501943829,3.3676810193,0,1.2178779582,frozen,0.2,0.05,0
60,0.9035725938,0.375829875,0.4813784187,0.5277427188,1.2178779582,1.1035750804,2.5,2.7589377011,-2.3831078261,3.1347675761,0,1.2178779582,frozen,0.2,0.05,0
61,0.2879402292,0.4813784187,0.4426907808,-0.1934381895,1.2178779582,1.1035750804,2.5,2.7589377011,-2.2775592824,3.2403161199,0,1.2178779582,frozen,0.2,0.05,0
62,-0.7072540169,0.4426907808,0.2127018213,-1.1499447978,1.2178779582,1.1035750804,2.5,2.7589377011,-2.3162469203,3.201628482,0,1.2178779582,frozen,0.2,0.05,0
63,-1.2774597164,0.2127018213,-0.0853304863,-1.4901615377,1.2178779582,1.1035750804,2.5,2.7589377011,-2.5462358798,2.9716395224,0,1.2178779582,frozen,0.2,0.05,0
64,-0.5185874923,-0.0853304863,-0.1719818875,-0.433257006,1.2178779582,1.1035750804,2.5,2.7589377011,-2.8442681874,2.6736072149,0,1.2178779582,frozen,0.2,0.05,0
65,1.4065990735,-0.1719818875,0.1437343047,1.5785809609,1.2178779582,1.1035750804,2.5,2.7589377011,-2.9309195886,2.5869558137,0,1.2178779582,frozen,0.2,0.05,0
66,-0.248916495,0.1437343047,0.0652041448,-0.3926507998,1.2178779582,1.1035750804,2.5,2.7589377011,-2.6152033964,2.9026720059,0,1.2178779582,frozen,0.2,0.05,0
67,0.3740471828,0.0652041448,0.1269727524,0.308843038,1.2178779582,1.1035750804,2.5,2.7589377011,-2.6937335564,2.8241418459,0,1.2178779582,frozen,0.2,0.05,0
68,1.05216976,0.1269727524,0.3120121539,0.9251970076,1.2178779582,1.1035750804,2.5,2.7589377011,-2.6319649487,2.8859104535,0,1.2178779582,frozen,0.2,0.05,0
69,-0.2895823266,0.3120121539,0.1916932578,-0.6015944805,1.2178779582,1.1035750804,2.5,2.7589377011,-2.4469255472,3.070949855,0,1.2178779582,frozen,0.2,0.05,0
70,-0.3496848511,0.1916932578,0.083417636,-0.5413781089,1.2178779582,1.1035750804,2.5,2.7589377011,-2.5672444433,2.9506309589,0,1.2178779582,frozen,0.2,0.05,0
71,-0.4008907491,0.083417636,-0.013444041,-0.4843083852,1.2178779582,1.1035750804,2.5,2.7589377011,-2.6755200651,2.8423553371,0,1.2178779582,frozen,0.2,0.05,0
72,0.3241378488,-0.013444041,0.0540723369,0.3375818898,1.2178779582,1.1035750804,2.5,2.7589377011,-2.7723817421,2.7454936601,0,1.2178779582,frozen,0.2,0.05,0
73,0.2325265113,0.0540723369,0.0897631718,0.1784541744,1.2178779582,1.1035750804,2.5,2.7589377011,-2.7048653642,2.8130100381,0,1.2178779582,frozen,0.2,0.05,0
74,-2.8841145616,0.0897631718,-0.5050123749,-2.9738777334,1.2178779582,1.1035750804,2.5,2.7589377011,-2.6691745293,2.8487008729,1,1.2178779582,frozen,0.2,0.05,0
75,-0.0038311986,-0.5050123749,-0.4047761396,0.5011811762,1.2178779582,1.1035750804,2.5,2.7589377011,-3.263950076,2.2539253263,0,1.2178779582,frozen,0.2,0.05,0
76,-1.8439069831,-0.4047761396,-0.6926023083,-1.4391308434,1.2178779582,1.1035750804,2.5,2.7589377011,-3.1637138407,2.3541615615,0,1.2178779582,frozen,0.2,0.05,0
77,-0.9111142548,-0.6926023083,-0.7363046976,-0.2185119465,1.2178779582,1.1035750804,2.5,2.7589377011,-3.4515400094,2.0663353928,0,1.2178779582,frozen,0.2,0.05,0
78,-0.9938943905,-0.7363046976,-0.7878226362,-0.2575896929,1.2178779582,1.1035750804,2.5,2.7589377011,-3.4952423987,2.0226330035,0,1.2178779582,frozen,0.2,0.05,0
79,1.581868981,-0.7878226362,-0.3138843127,2.3696916172,1.2178779582,1.1035750804,2.5,2.7589377011,-3.5467603373,1.9711150649,0,1.2178779582,frozen,0.2,0.05,0
80,1.2365505653,-0.3138843127,-0.0037973371,1.550434878,1.2178779582,1.1035750804,2.5,2.7589377011,-3.0728220139,2.4450533884,0,1.2178779582,frozen,0.2,0.05,0
81,0.3189343227,-0.0037973371,0.0607489948,0.3227316599,1.2178779582,1.1035750804,2.5,2.7589377011,-2.7627350383,2.755140364,0,1.2178779582,frozen,0.2,0.05,0
82,0.7908271804,0.0607489948,0.2067646319,0.7300781855,1.2178779582,1.1035750804,2.5,2.7589377011,-2.6981887063,2.819686696,0,1.2178779582,frozen,0.2,0.05,0
83,-0.4051199315,0.2067646319,0.0843877192,-0.6118845635,1.2178779582,1.1035750804,2.5,2.7589377011,-2.5521730692,2.9657023331,0,1.2178779582,frozen,0.2,0.05,0
84,0.3220481526,0.0843877192,0.1319198059,0.2376604334,1.2178779582,1.1035750804,2.5,2.7589377011,-2.6745499819,2.8433254204,0,1.2178779582,frozen,0.2,0.05,0
85,0.5369842214,0.1319198059,0.212932689,0.4050644155,1.2178779582,1.1035750804,2.5,2.7589377011,-2.6270178952,2.890857507,0,1.2178779582,frozen,0.2,0.05,0
86,-0.1875147654,0.212932689,0.1328431981,-0.4004474544,1.2178779582,1.1035750804,2.5,2.7589377011,-2.5460050121,2.9718703901,0,1.2178779582,frozen,0.2,0.05,0
87,-0.1674752186,0.1328431981,0.0727795148,-0.3003184167,1.2178779582,1.1035750804,2.5,2.7589377011,-2.626094503,2.8917808993,0,1.2178779582,frozen,0.2,0.05,0
88,-0.0747608757,0.0727795148,0.0432714367,-0.1475403905,1.2178779582,1.1035750804,2.5,2.7589377011,-2.6861581863,2.8317172159,0,1.2178779582,frozen,0.2,0.05,0
89,-0.5407743718,0.0432714367,-0.073537725,-0.5840458085,1.2178779582,1.1035750804,2.5,2.7589377011,-2.7156662644,2.8022091378,0,1.2178779582,frozen,0.2,0.05,0
90,-0.3978373957,-0.073537725,-0.1383976591,-0.3242996707,1.2178779582,1.1035750804,2.5,2.7589377011,-2.8324754261,2.6853999761,0,1.2178779582,frozen,0.2,0.05,0
91,-2.5842180785,-0.1383976591,-0.627561743,-2.4458204193,1.2178779582,1.1035750804,2.5,2.7589377011,-2.8973353603,2.620540042,0,1.2178779582,frozen,0.2,0.05,0
92,-0.2131499651,-0.627561743,-0.5446793874,0.4144117779,1.2178779582,1.1035750804,2.5,2.7589377011,-3.3864994441,2.1313759581,0,1.2178779582,frozen,0.2,0.05,0
93,0.7141639353,-0.5446793874,-0.2929107229,1.2588433228,1.2178779582,1.1035750804,2.5,2.7589377011,-3.3036170886,2.2142583137,0,1.2178779582,frozen,0.2,0.05,0
94,-1.6791793771,-0.2929107229,-0.5701644537,-1.3862686542,1.2178779582,1.1035750804,2.5,2.7589377011,-3.051848424,2.4660269782,0,1.2178779582,frozen,0.2,0.05,0
95,0.8835206222,-0.5701644537,-0.2794274385,1.4536850759,1.2178779582,1.1035750804,2.5,2.7589377011,-3.3291021549,2.1887732474,0,1.2178779582,frozen,0.2,0.05,0
96,-2.1725182286,-0.2794274385,-0.6580455966,-1.89309079,1.2178779582,1.1035750804,2.5,2.7589377011,-3.0383651397,2.4795102626,0,1.2178779582,frozen,0.2,0.05,0
97,-0.3677539528,-0.6580455966,-0.5999872678,0.2902916437,1.2178779582,1.1035750804,2.5,2.7589377011,-3.4169832977,2.1008921046,0,1.2178779582,frozen,0.2,0.05,0
98,0.510622689,-0.5999872678,-0.3778652764,1.1106099568,1.2178779582,1.1035750804,2.5,2.7589377011,-3.3589249689,2.1589504333,0,1.2178779582,frozen,0.2,0.05,0
99,-0.4946994555,-0.3778652764,-0.4012321123,-0.1168341791,1.2178779582,1.1035750804,2.5,2.7589377011,-3.1368029776,2.3810724247,0,1.2178779582,frozen,0.2,0.05,0
100,0.0883339906,-0.4012321123,-0.3033188917,0.4895661029,1.2178779582,1.1035750804,2.5,2.7589377011,-3.1601698134,2.3577055889,0,1.2178779582,frozen,0.2,0.05,0
101,0.8045406196,-0.3033188917,-0.0817469894,1.1078595113,1.2178779582,1.1035750804,2.5,2.7589377011,-3.0622565928,2.4556188094,0,1.2178779582,frozen,0.2,0.05,0
102,-1.0358748471,-0.0817469894,-0.272572561,-0.9541278577,1.2178779582,1.1035750804,2.5,2.7589377011,-2.8406846906,2.6771907117,0,1.2178779582,frozen,0.2,0.05,0
103,-0.5353723029,-0.272572561,-0.3251325094,-0.2627997419,1.2178779582,1.1035750804,2.5,2.7589377011,-3.0315102621,2.4863651402,0,1.2178779582,frozen,0.2,0.05,0
104,0.10133778,-0.3251325094,-0.2398384515,0.4264702893,1.2178779582,1.1035750804,2.5,2.7589377011,-3.0840702105,2.4338051918,0,1.2178779582,frozen,0.2,0.05,0
105,1.6663406775,-0.2398384515,0.1413973743,1.906179129,1.2178779582,1.1035750804,2.5,2.7589377011,-2.9987761526,2.5190992496,0,1.2178779582,frozen,0.2,0.05,0
106,-1.5364328072,0.1413973743,-0.194168662,-1.6778301815,1.2178779582,1.1035750804,2.5,2.7589377011,-2.6175403268,2.9003350754,0,1.2178779582,frozen,0.2,0.05,0
107,-0.2881182819,-0.194168662,-0.212958586,-0.0939496199,1.2178779582,1.1035750804,2.5,2.7589377011,-2.9531063631,2.5647690391,0,1.2178779582,frozen,0.2,0.05,0
108,1.4958618498,-0.212958586,0.1288055012,1.7088204358,1.2178779582,1.1035750804,2.5,2.7589377011,-2.9718962871,2.5459791151,0,1.2178779582,frozen,0.2,0.05,0
109,-0.0715780322,0.1288055012,0.0887287945,-0.2003835334,1.2178779582,1.1035750804,2.5,2.7589377011,-2.6301321999,2.8877432023,0,1.2178779582,frozen,0.2,0.05,0
110,1.0204431353,0.0887287945,0.2750716627,0.9317143408,1.2178779582,1.1035750804,2.5,2.7589377011,-2.6702089066,2.8476664956,0,1.2178779582,frozen,0.2,0.05,0
111,0.8178236524,0.2750716627,0.3836220606,0.5427519897,1.2178779582,1.1035750804,2.5,2.7589377011,-2.4838660385,3.0340093638,0,1.2178779582,frozen,0.2,0.05,0
112,0.2984314041,0.3836220606,0.3665839293,-0.0851906565,1.2178779582,1.1035750804,2.5,2.7589377011,-2.3753156405,3.1425597617,0,1.2178779582,frozen,0.2,0.05,0
113,0.7886659891,0.3665839293,0.4510003413,0.4220820598,1.2178779582,1.1035750804,2.5,2.7589377011,-2.3923537718,3.1255216304,0,1.2178779582,frozen,0.2,0.05,0
114,1.2532384863,0.4510003413,0.6114479703,0.802238145,1.2178779582,1.1035750804,2.5,2.7589377011,-2.3079373599,3.2099380424,0,1.2178779582,frozen,0.2,0.05,0
115,-1.2838113111,0.6114479703,0.232396114,-1.8952592814,1.2178779582,1.1035750804,2.5,2.7589377011,-2.1474897308,3.3703856714,0,1.2178779582,frozen,0.2,0.05,0
116,-3.8912610528,0.232396114,-0.5923353194,-4.1236571668,1.2178779582,1.1035750804,2.5,2.7589377011,-2.5265415871,2.9913338151,1,1.2178779582,frozen,0.2,0.05,0
117,-0.1245894945,-0.5923353194,-0.4987861544,0.4677458248,1.2178779582,1.1035750804,2.5,2.7589377011,-3.3512730205,2.1666023818,0,1.2178779582,frozen,0.2,0.05,0
118,0.8283395012,-0.4987861544,-0.2333610233,1.3271256556,1.2178779582,1.1035750804,2.5,2.7589377011,-3.2577238555,2.2601515467,0,1.2178779582,frozen,0.2,0.05,0
119,0.5396215137,-0.2333610233,-0.0787645159,0.772982537,1.2178779582,1.1035750804,2.5,2.7589377011,-2.9922987244,2.5255766778,0,1.2178779582,frozen,0.2,0.05,0
120,0.0889058467,-0.0787645159,-0.0452304434,0.1676703626,1.2178779582,1.1035750804,2.5,2.7589377011,-2.837702217,2.6801731852,0,1.2178779582,frozen,0.2,0.05,0
121,-0.4711229337,-0.0452304434,-0.1304089414,-0.4258924903,1.2178779582,1.1035750804,2.5,2.7589377011,-2.8041681445,2.7137072578,0,1.2178779582,frozen,0.2,0.05,0
122,0.124972866,-0.1304089414,-0.0793325799,0.2553818074,1.2178779582,1.1035750804,2.5,2.7589377011,-2.8893466425,2.6285287597,0,1.2178779582,frozen,0.2,0.05,0
123,0.004944586,-0.0793325799,-0.0624771468,0.0842771659,1.2178779582,1.1035750804,2.5,2.7589377011,-2.8382702811,2.6796051212,0,1.2178779582,frozen,0.2,0.05,0
124,0.3130289128,-0.0624771468,0.0126240652,0.3755060595,1.2178779582,1.1035750804,2.5,2.7589377011,-2.8214148479,2.6964605544,0,1.2178779582,frozen,0.2,0.05,0
125,0.8646493623,0.0126240652,0.1830291246,0.8520252972,1.2178779582,1.1035750804,2.5,2.7589377011,-2.746313636,2.7715617663,0,1.2178779582,frozen,0.2,0.05,0
126,0.7226859115,0.1830291246,0.290960482,0.5396567869,1.2178779582,1.1035750804,2.5,2.7589377011,-2.5759085765,2.9419668257,0,1.2178779582,frozen,0.2,0.05,0
127,0.6714573404,0.290960482,0.3670598537,0.3804968585,1.2178779582,1.1035750804,2.5,2.7589377011,-2.4679772191,3.0498981831,0,1.2178779582,frozen,0.2,0.05,0
128,0.132275158,0.3670598537,0.3201029145,-0.2347846956,1.2178779582,1.1035750804,2.5,2.7589377011,-2.3918778475,3.1259975548,0,1.2178779582,frozen,0.2,0.05,0
129,-0.1711639714,0.3201029145,0.2218495374,-0.4912668859,1.2178779582,1.1035750804,2.5,2.7589377011,-2.4388347866,3.0790406157,0,1.2178779582,frozen,0.2,0.05,0
130,2.5972193079,0.2218495374,0.6969234915,2.3753697705,1.2178779582,1.1035750804,2.5,2.7589377011,-2.5370881638,2.9807872385,0,1.2178779582,frozen,0.2,0.05,0
131,0.5621067477,0.6969234915,0.6699601427,-0.1348167438,1.2178779582,1.1035750804,2.5,2.7589377011,-2.0620142097,3.4558611926,0,1.2178779582,frozen,0.2,0.05,0
132,0.5660107822,0.6699601427,0.6491702706,-0.1039493605,1.2178779582,1.1035750804,2.5,2.7589377011,-2.0889775584,3.4288978438,0,1.2178779582,frozen,0.2,0.05,0
133,-0.031793162,0.6491702706,0.5129775841,-0.6809634326,1.2178779582,1.1035750804,2.5,2.7589377011,-2.1097674305,3.4081079717,0,1.2178779582,frozen,0.2,0.05,0
134,0.7720810261,0.5129775841,0.5647982725,0.259103442,1.2178779582,1.1035750804,2.5,2.7589377011,-2.245960117,3.2719152852,0,1.2178779582,frozen,0.2,0.05,0
135,0.7030640727,0.5647982725,0.5924514325,0.1382658002,1.2178779582,1.1035750804,2.5,2.7589377011,-2.1941394286,3.3237359736,0,1.2178779582,frozen,0.2,0.05,0
136,0.0599854947,0.5924514325,0.485958245,-0.5324659378,1.2178779582,1.1035750804,2.5,2.7589377011,-2.1664862686,3.3513891337,0,1.2178779582,frozen,0.2,0.05,0
137,-0.8087987145,0.485958245,0.2270068531,-1.2947569595,1.2178779582,1.1035750804,2.5,2.7589377011,-2.2729794562,3.2448959461,0,1.2178779582,frozen,0.2,0.05,0
138,-0.6739787116,0.2270068531,0.0468097401,-0.9009855647,1.2178779582,1.1035750804,2.5,2.7589377011,-2.5319308481,2.9859445542,0,1.2178779582,frozen,0.2,0.05,0
139,0.3018501967,0.0468097401,0.0978178314,0.2550404566,1.2178779582,1.1035750804,2.5,2.7589377011,-2.712127961,2.8057474413,0,1.2178779582,frozen,0.2,0.05,0
140,0.8201788822,0.0978178314,0.2422900416,0.7223610507,1.2178779582,1.1035750804,2.5,2.7589377011,-2.6611198697,2.8567555326,0,1.2178779582,frozen,0.2,0.05,0
141,-1.58545384,0.2422900416,-0.1232587347,-1.8277438816,1.2178779582,1.1035750804,2.5,2.7589377011,-2.5166476595,3.0012277427,0,1.2178779582,frozen,0.2,0.05,0
142,0.0323600934,-0.1232587347,-0.0921349691,0.1556188281,1.2178779582,1.1035750804,2.5,2.7589377011,-2.8821964359,2.6356789664,0,1.2178779582,frozen,0.2,0.05,0
143,1.5356674262,-0.0921349691,0.2334255099,1.6278023953,1.2178779582,1.1035750804,2.5,2.7589377011,-2.8510726702,2.666802732,0,1.2178779582,frozen,0.2,0.05,0
144,0.3556721274,0.2334255099,0.2578748334,0.1222466175,1.2178779582,1.1035750804,2.5,2.7589377011,-2.5255121912,2.9923632111,0,1.2178779582,frozen,0.2,0.05,0
145,0.8263646662,0.2578748334,0.3715728,0.5684898327,1.2178779582,1.1035750804,2.5,2.7589377011,-2.5010628677,3.0168125346,0,1.2178779582,frozen,0.2,0.05,0
146,0.4648148073,0.3715728,0.3902212015,0.0932420073,1.2178779582,1.1035750804,2.5,2.7589377011,-2.3873649011,3.1305105011,0,1.2178779582,frozen,0.2,0.05,0
147,1.0626397092,0.3902212015,0.524704903,0.6724185078,1.2178779582,1.1035750804,2.5,2.7589377011,-2.3687164997,3.1491589026,0,1.2178779582,frozen,0.2,0.05,0
148,-0.8120480513,0.524704903,0.2573543121,-1.3367529543,1.2178779582,1.1035750804,2.5,2.7589377011,-2.2342327981,3.2836426041,0,1.2178779582,frozen,0.2,0.05,0
149,-0.2051829639,0.2573543121,0.1648468569,-0.462537276,1.2178779582,1.1035750804,2.5,2.7589377011,-2.501583389,3.0162920133,0,1.2178779582,frozen,0.2,0.05,0
150,0.015666408,0.1648468569,0.1350107672,-0.1491804489,1.2178779582,1.1035750804,2.5,2.7589377011,-2.5940908442,2.9237845581,0,1.2178779582,frozen,0.2,0.05,0
151,0.2393582707,0.1350107672,0.1558802679,0.1043475035,1.2178779582,1.1035750804,2.5,2.7589377011,-2.623926934,2.8939484683,0,1.2178779582,frozen,0.2,0.05,0
152,0.720932605,0.1558802679,0.2688907353,0.5650523371,1.2178779582,1.1035750804,2.5,2.7589377011,-2.6030574333,2.914817969,0,1.2178779582,frozen,0.2,0.05,0
153,0.9911731756,0.2688907353,0.4133472234,0.7222824403,1.2178779582,1.1035750804,2.5,2.7589377011,-2.4900469658,3.0278284364,0,1.2178779582,frozen,0.2,0.05,0
154,0.8428811962,0.4133472234,0.4992540179,0.4295339729,1.2178779582,1.1035750804,2.5,2.7589377011,-2.3455904778,3.1722849245,0,1.2178779582,frozen,0.2,0.05,0
155,-0.3734770345,0.4992540179,0.3247078075,-0.8727310524,1.2178779582,1.1035750804,2.5,2.7589377011,-2.2596836832,3.2581917191,0,1.2178779582,frozen,0.2,0.05,0
156,0.3164535508,0.3247078075,0.3230569561,-0.0082542566,1.2178779582,1.1035750804,2.5,2.7589377011,-2.4342298937,3.0836455086,0,1.2178779582,frozen,0.2,0.05,0
157,-0.8872302735,0.3230569561,0.0809995102,-1.2102872296,1.2178779582,1.1035750804,2.5,2.7589377011,-2.435880745,3.0819946573,0,1.2178779582,frozen,0.2,0.05,0
158,1.0590706936,0.0809995102,0.2766137469,0.9780711834,1.2178779582,1.1035750804,2.5,2.7589377011,-2.6779381909,2.8399372113,0,1.2178779582,frozen,0.2,0.05,0
159,0.9316302056,0.2766137469,0.4076170386,0.6550164587,1.2178779582,1.1035750804,2.5,2.7589377011,-2.4823239542,3.035551448,0,1.2178779582,frozen,0.2,0.05,0
160,0.4274176337,0.4076170386,0.4115771576,0.0198005951,1.2178779582,1.1035750804,2.5,2.7589377011,-2.3513206625,3.1665547398,0,1.2178779582,frozen,0.2,0.05,0
161,0.1789449707,0.4115771576,0.3650507203,-0.2326321869,1.2178779582,1.1035750804,2.5,2.7589377011,-2.3473605435,3.1705148588,0,1.2178779582,frozen,0.2,0.05,0
162,-0.8419458865,0.3650507203,0.1236513989,-1.2069966067,1.2178779582,1.1035750804,2.5,2.7589377011,-2.3938869809,3.1239884214,0,1.2178779582,frozen,0.2,0.05,0
163,-0.2386336448,0.1236513989,0.0511943902,-0.3622850437,1.2178779582,1.1035750804,2.5,2.7589377011,-2.6352863022,2.8825891,0,1.2178779582,frozen,0.2,0.05,0
164,0.2040875601,0.0511943902,0.0817730242,0.1528931699,1.2178779582,1.1035750804,2.5,2.7589377011,-2.7077433109,2.8101320913,0,1.2178779582,frozen,0.2,0.05,0
165,2.0421332979,0.0817730242,0.4738450789,1.9603602737,1.2178779582,1.1035750804,2.5,2.7589377011,-2.677164677,2.8407107253,0,1.2178779582,frozen,0.2,0.05,0
166,2.0611796566,0.4738450789,0.7913119944,1.5873345777,1.2178779582,1.1035750804,2.5,2.7589377011,-2.2850926222,3.23278278,0,1.2178779582,frozen,0.2,0.05,0
167,1.1513446233,0.7913119944,0.8633185202,0.3600326288,1.2178779582,1.1035750804,2.5,2.7589377011,-1.9676257067,3.5502496956,0,1.2178779582,frozen,0.2,0.05,0
168,0.0203708189,0.8633185202,0.6947289799,-0.8429477013,1.2178779582,1.1035750804,2.5,2.7589377011,-1.8956191809,3.6222562213,0,1.2178779582,frozen,0.2,0.05,0
169,1.7253854255,0.6947289799,0.900860269,1.0306564455,1.2178779582,1.1035750804,2.5,2.7589377011,-2.0642087212,3.4536666811,0,1.2178779582,frozen,0.2,0.05,0
170,-0.3452278992,0.900860269,0.6516426354,-1.2460881683,1.2178779582,1.1035750804,2.5,2.7589377011,-1.8580774321,3.6597979702,0,1.2178779582,frozen,0.2,0.05,0
171,0.3890570599,0.6516426354,0.5991255203,-0.2625855754,1.2178779582,1.1035750804,2.5,2.7589377011,-2.1072950657,3.4105803365,0,1.2178779582,frozen,0.2,0.05,0
172,0.3267041162,0.5991255203,0.5446412395,-0.2724214041,1.2178779582,1.1035750804,2.5,2.7589377011,-2.1598121808,3.3580632214,0,1.2178779582,frozen,0.2,0.05,0
173,0.5419859957,0.5446412395,0.5441101907,-0.0026552437,1.2178779582,1.1035750804,2.5,2.7589377011,-2.2142964616,3.3035789406,0,1.2178779582,frozen,0.2,0.05,0
174,-0.1008353008,0.5441101907,0.4151210924,-0.6449454915,1.2178779582,1.1035750804,2.5,2.7589377011,-2.2148275104,3.3030478919,0,1.2178779582,frozen,0.2,0.05,0
175,1.6919089568,0.4151210924,0.6704786653,1.2767878643,1.2178779582,1.1035750804,2.5,2.7589377011,-2.3438166087,3.1740587935,0,1.2178779582,frozen,0.2,0.05,0
176,-1.9703089447,0.6704786653,0.1423211433,-2.64078761,1.2178779582,1.1035750804,2.5,2.7589377011,-2.0884590358,3.4294163664,0,1.2178779582,frozen,0.2,0.05,0
177,0.4126792376,0.1423211433,0.1963927622,0.2703580943,1.2178779582,1.1035750804,2.5,2.7589377011,-2.6166165578,2.9012588444,0,1.2178779582,frozen,0.2,0.05,0
178,1.3852719389,0.1963927622,0.4341685975,1.1888791767,1.2178779582,1.1035750804,2.5,2.7589377011,-2.562544939,2.9553304633,0,1.2178779582,frozen,0.2,0.05,0
179,0.2260941939,0.4341685975,0.3925537168,-0.2080744035,1.2178779582,1.1035750804,2.5,2.7589377011,-2.3247691036,3.1931062986,0,1.2178779582,frozen,0.2,0.05,0
180,-2.4809172705,0.3925537168,-0.1821404807,-2.8734709873,1.2178779582,1.1035750804,2.5,2.7589377011,-2.3663839843,3.1514914179,1,1.2178779582,frozen,0.2,0.05,0
181,0.598067728,-0.1821404807,-0.0260988389,0.7802082087,1.2178779582,1.1035750804,2.5,2.7589377011,-2.9410781818,2.5767972205,0,1.2178779582,frozen,0.2,0.05,0
182,0.5718996796,-0.0260988389,0.0935008648,0.5979985185,1.2178779582,1.1035750804,2.5,2.7589377011,-2.7850365401,2.7328388622,0,1.2178779582,frozen,0.2,0.05,0
183,1.0927814874,0.0935008648,0.2933569893,0.9992806226,1.2178779582,1.1035750804,2.5,2.7589377011,-2.6654368364,2.8524385659,0,1.2178779582,frozen,0.2,0.05,0
184,0.2270782133,0.2933569893,0.2801012341,-0.066278776,1.2178779582,1.1035750804,2.5,2.7589377011,-2.4655807118,3.0522946904,0,1.2178779582,frozen,0.2,0.05,0
185,1.0869037894,0.2801012341,0.4414617451,0.8068025553,1.2178779582,1.1035750804,2.5,2.7589377011,-2.478836467,3.0390389352,0,1.2178779582,frozen,0.2,0.05,0
186,-1.8472521701,0.4414617451,-0.0162810379,-2.2887139153,1.2178779582,1.1035750804,2.5,2.7589377011,-2.317475956,3.2003994463,0,1.2178779582,frozen,0.2,0.05,0
187,-0.7637261852,-0.0162810379,-0.1657700674,-0.7474451472,1.2178779582,1.1035750804,2.5,2.7589377011,-2.775218739,2.7426566632,0,1.2178779582,frozen,0.2,0.05,0
188,0.7379176648,-0.1657700674,0.0149674791,0.9036877321,1.2178779582,1.1035750804,2.5,2.7589377011,-2.9247077685,2.5931676338,0,1.2178779582,frozen,0.2,0.05,0
189,-0.0047817775,0.0149674791,0.0110176277,-0.0197492566,1.2178779582,1.1035750804,2.5,2.7589377011,-2.7439702221,2.7739051802,0,1.2178779582,frozen,0.2,0.05,0
190,-1.5212305854,0.0110176277,-0.2954320149,-1.5322482131,1.2178779582,1.1035750804,2.5,2.7589377011,-2.7479200734,2.7699553289,0,1.2178779582,frozen,0.2,0.05,0
191,-0.7544813453,-0.2954320149,-0.387241881,-0.4590493304,1.2178779582,1.1035750804,2.5,2.7589377011,-3.054369716,2.4635056862,0,1.2178779582,frozen,0.2,0.05,0
192,0.5105950929,-0.387241881,-0.2076744862,0.8978369739,1.2178779582,1.1035750804,2.5,2.7589377011,-3.1461795821,2.3716958202,0,1.2178779582,frozen,0.2,0.05,0
193,-0.3076770552,-0.2076744862,-0.227675,-0.100002569,1.2178779582,1.1035750804,2.5,2.7589377011,-2.9666121873,2.5512632149,0,1.2178779582,frozen,0.2,0.05,0
194,0.7128539248,-0.227675,-0.039569215,0.9405289248,1.2178779582,1.1035750804,2.5,2.7589377011,-2.9866127011,2.5312627011,0,1.2178779582,frozen,0.2,0.05,0
195,0.0387185305,-0.039569215,-0.0239116659,0.0782877455,1.2178779582,1.1035750804,2.5,2.7589377011,-2.7985069162,2.7193684861,0,1.2178779582,frozen,0.2,0.05,0
196,1.065160993,-0.0239116659,0.1939028659,1.0890726589,1.2178779582,1.1035750804,2.5,2.7589377011,-2.7828493671,2.7350260352,0,1.2178779582,frozen,0.2,0.05,0
197,0.6078616202,0.1939028659,0.2766946167,0.4139587544,1.2178779582,1.1035750804,2.5,2.7589377011,-2.5650348353,2.952840567,0,1.2178779582,frozen,0.2,0.05,0
198,1.5466231315,0.2766946167,0.5306803197,1.2699285147,1.2178779582,1.1035750804,2.5,2.7589377011,-2.4822430844,3.0356323179,0,1.2178779582,frozen,0.2,0.05,0
199,0.8579565359,0.5306803197,0.5961355629,0.3272762162,1.2178779582,1.1035750804,2.5,2.7589377011,-2.2282573814,3.2896180208,0,1.2178779582,frozen,0.2,0.05,0
200,-0.0677997623,0.5961355629,0.4633484979,-0.6639353252,1.2178779582,1.1035750804,2.5,2.7589377011,-2.1628021382,3.355073264,0,1.2178779582,frozen,0.2,0.05,0
201,-0.6215785789,0.4633484979,0.2463630825,-1.0849270768,1.2178779582,1.1035750804,2.5,2.7589377011,-2.2955892033,3.222286199,0,1.2178779582,frozen,0.2,0.05,0
202,0.6656451628,0.2463630825,0.3302194986,0.4192820803,1.2178779582,1.1035750804,2.5,2.7589377011,-2.5125746186,3.0053007836,0,1.2178779582,frozen,0.2,0.05,0
203,0.8188863176,0.3302194986,0.4279528624,0.488666819,1.2178779582,1.1035750804,2.5,2.7589377011,-2.4287182026,3.0891571997,0,1.2178779582,frozen,0.2,0.05,0
204,-1.7292780802,0.4279528624,-0.0034933262,-2.1572309426,1.2178779582,1.1035750804,2.5,2.7589377011,-2.3309848388,3.1868905635,0,1.2178779582,frozen,0.2,0.05,0
205,-2.5955665942,-0.0034933262,-0.5219079798,-2.5920732681,1.2178779582,1.1035750804,2.5,2.7589377011,-2.7624310273,2.755444375,0,1.2178779582,frozen,0.2,0.05,0
206,1.2232452708,-0.5219079798,-0.1728773297,1.7451532506,1.2178779582,1.1035750804,2.5,2.7589377011,-3.2808456809,2.2370297214,0,1.2178779582,frozen,0.2,0.05,0
207,1.2226211395,-0.1728773297,0.1062223642,1.3954984691,1.2178779582,1.1035750804,2.5,2.7589377011,-2.9318150308,2.5860603715,0,1.2178779582,frozen,0.2,0.05,0
208,0.998386882,0.1062223642,0.2846552677,0.8921645178,1.2178779582,1.1035750804,2.5,2.7589377011,-2.652715337,2.8651600653,0,1.2178779582,frozen,0.2,0.05,0
209,0.9854538513,0.2846552677,0.4248149844,0.7007985835,1.2178779582,1.1035750804,2.5,2.7589377011,-2.4742824334,3.0435929689,0,1.2178779582,frozen,0.2,0.05,0
210,-1.3461688427,0.4248149844,0.070618219,-1.7709838271,1.2178779582,1.1035750804,2.5,2.7589377011,-2.3341227167,3.1837526856,0,1.2178779582,frozen,0.2,0.05,0
211,0.1611442429,0.070618219,0.0887234238,0.0905260239,1.2178779582,1.1035750804,2.5,2.7589377011,-2.6883194821,2.8295559201,0,1.2178779582,frozen,0.2,0.05,0
212,1.1021163854,0.0887234238,0.2914020161,1.0133929617,1.2178779582,1.1035750804,2.5,2.7589377011,-2.6702142773,2.8476611249,0,1.2178779582,frozen,0.2,0.05,0
213,1.0422270736,0.2914020161,0.4415670276,0.7508250575,1.2178779582,1.1035750804,2.5,2.7589377011,-2.467535685,3.0503397172,0,1.2178779582,frozen,0.2,0.05,0
214,0.6229469718,0.4415670276,0.4778430165,0.1813799442,1.2178779582,1.1035750804,2.5,2.7589377011,-2.3173706735,3.2005047287,0,1.2178779582,frozen,0.2,0.05,0
215,-0.9972540359,0.4778430165,0.182823606,-1.4750970524,1.2178779582,1.1035750804,2.5,2.7589377011,-2.2810946847,3.2367807176,0,1.2178779582,frozen,0.2,0.05,0
216,-0.5267601705,0.182823606,0.0409068507,-0.7095837765,1.2178779582,1.1035750804,2.5,2.7589377011,-2.5761140951,2.9417613071,0,1.2178779582,frozen,0.2,0.05,0
217,-0.0143956054,0.0409068507,0.0298463595,-0.0553024561,1.2178779582,1.1035750804,2.5,2.7589377011,-2.7180308504,2.7998445518,0,1.2178779582,frozen,0.2,0.05,0
218,0.0790011433,0.0298463595,0.0396773162,0.0491547839,1.2178779582,1.1035750804,2.5,2.7589377011,-2.7290913417,2.7887840606,0,1.2178779582,frozen,0.2,0.05,0
219,1.4934600427,0.0396773162,0.3304338615,1.4537827264,1.2178779582,1.1035750804,2.5,2.7589377011,-2.7192603849,2.7986150174,0,1.2178779582,frozen,0.2,0.05,0
220,0.9279168708,0.3304338615,0.4499304634,0.5974830093,1.2178779582,1.1035750804,2.5,2.7589377011,-2.4285038396,3.0893715627,0,1.2178779582,frozen,0.2,0.05,0
221,0.1318156064,0.4499304634,0.386307492,-0.318114857,1.2178779582,1.1035750804,2.5,2.7589377011,-2.3090072377,3.2088681645,0,1.2178779582,frozen,0.2,0.05,0
222,1.0814515806,0.386307492,0.5253363097,0.6951440886,1.2178779582,1.1035750804,2.5,2.7589377011,-2.3726302091,3.1452451931,0,1.2178779582,frozen,0.2,0.05,0
223,2.4267749137,0.5253363097,0.9056240305,1.901438604,1.2178779582,1.1035750804,2.5,2.7589377011,-2.2336013914,3.2842740108,0,1.2178779582,frozen,0.2,0.05,0
224,0.2277459631,0.9056240305,0.770048417,-0.6778780674,1.2178779582,1.1035750804,2.5,2.7589377011,-1.8533136706,3.6645617316,0,1.2178779582,frozen,0.2,0.05,0
225,0.6487089909,0.770048417,0.7457805318,-0.1213394261,1.2178779582,1.1035750804,2.5,2.7589377011,-1.9888892841,3.5289861182,0,1.2178779582,frozen,0.2,0.05,0
226,0.7889854902,0.7457805318,0.7544215235,0.0432049584,1.2178779582,1.1035750804,2.5,2.7589377011,-2.0131571693,3.5047182329,0,1.2178779582,frozen,0.2,0.05,0
227,-1.2638164542,0.7544215235,0.3507739279,-2.0182379777,1.2178779582,1.1035750804,2.5,2.7589377011,-2.0045161776,3.5133592246,0,1.2178779582,frozen,0.2,0.05,0
228,-0.1883311509,0.3507739279,0.2429529122,-0.5391050788,1.2178779582,1.1035750804,2.5,2.7589377011,-2.4081637732,3.1097116291,0,1.2178779582,frozen,0.2,0.05,0
229,2.4064220155,0.2429529122,0.6756467329,2.1634691033,1.2178779582,1.1035750804,2.5,2.7589377011,-2.5159847889,3.0018906133,0,1.2178779582,frozen,0.2,0.05,0
230,-0.2604531092,0.6756467329,0.4884267644,-0.936099842,1.2178779582,1.1035750804,2.5,2.7589377011,-2.0832909683,3.434584434,0,1.2178779582,frozen,0.2,0.05,0
231,0.6737302347,0.4884267644,0.5254874585,0.1853034703,1.2178779582,1.1035750804,2.5,2.7589377011,-2.2705109367,3.2473644656,0,1.2178779582,frozen,0.2,0.05,0
232,-1.081105961,0.5254874585,0.2041687746,-1.6065934195,1.2178779582,1.1035750804,2.5,2.7589377011,-2.2334502426,3.2844251596,0,1.2178779582,frozen,0.2,0.05,0
233,-0.8896912536,0.2041687746,-0.014603231,-1.0938600282,1.2178779582,1.1035750804,2.5,2.7589377011,-2.5547689265,2.9631064757,0,1.2178779582,frozen,0.2,0.05,0
234,0.8749997659,-0.014603231,0.1633173683,0.889602997,1.2178779582,1.1035750804,2.5,2.7589377011,-2.7735409322,2.7443344701,0,1.2178779582,frozen,0.2,0.05,0
235,-0.2204676409,0.1633173683,0.0865603665,-0.3837850092,1.2178779582,1.1035750804,2.5,2.7589377011,-2.5956203328,2.9222550695,0,1.2178779582,frozen,0.2,0.05,0
236,-0.9890986217,0.0865603665,-0.1285714311,-1.0756589882,1.2178779582,1.1035750804,2.5,2.7589377011,-2.6723773346,2.8454980676,0,1.2178779582,frozen,0.2,0.05,0
237,0.0471735051,-0.1285714311,-0.0934224439,0.1757449363,1.2178779582,1.1035750804,2.5,2.7589377011,-2.8875091323,2.63036627,0,1.2178779582,frozen,0.2,0.05,0
238,1.80198978,-0.0934224439,0.2856600009,1.8954122239,1.2178779582,1.1035750804,2.5,2.7589377011,-2.852360145,2.6655152572,0,1.2178779582,frozen,0.2,0.05,0
239,-0.2740253904,0.2856600009,0.1737229226,-0.5596853913,1.2178779582,1.1035750804,2.5,2.7589377011,-2.4732777002,3.044597702,0,1.2178779582,frozen,0.2,0.05,0
