trial_index,time,true_label,predicted_label,correct,rolling_accuracy,prediction_seconds,stage1_warning,stage2_status,stage2_p_value,validated_shift,classifier_version,training_size_before,retrained_after_trial
0,0,1,1,True,,0.0001378,False,,,False,0,120,False
1,1,0,0,True,,0.0001022,False,,,False,0,120,False
2,2,1,1,True,,0.0001037001,False,,,False,0,120,False
3,3,1,0,False,,9.92001e-05,False,,,False,0,120,False
4,4,0,0,True,,8.92e-05,False,,,False,0,120,False
5,5,0,0,True,,8.76e-05,False,,,False,0,120,False
6,6,1,1,True,,8.7e-05,False,,,False,0,120,False
7,7,1,1,True,,8.68e-05,False,,,False,0,120,False
8,8,1,1,True,,9.60999e-05,False,,,False,0,120,False
9,9,1,1,True,,8.82e-05,False,,,False,0,120,False
10,10,1,1,True,,8.71e-05,False,,,False,0,120,False
11,11,0,0,True,,8.73e-05,False,,,False,0,120,False
12,12,0,0,True,,8.61e-05,False,,,False,0,120,False
13,13,0,0,True,,9.07e-05,False,,,False,0,120,False
14,14,1,1,True,,8.77001e-05,False,,,False,0,120,False
15,15,1,1,True,,8.78001e-05,False,,,False,0,120,False
16,16,0,0,True,,8.66001e-05,False,,,False,0,120,False
17,17,1,1,True,,8.58001e-05,False,,,False,0,120,False
18,18,1,1,True,,9.05e-05,False,,,False,0,120,False
19,19,1,1,True,,9.06e-05,False,,,False,0,120,False
20,20,0,0,True,,8.75e-05,False,,,False,0,120,False
21,21,0,0,True,,8.8e-05,False,,,False,0,120,False
22,22,0,0,True,,8.75001e-05,False,,,False,0,120,False
23,23,0,0,True,,9.92001e-05,False,,,False,0,120,False
24,24,0,0,True,,8.71001e-05,False,,,False,0,120,False
25,25,1,1,True,,8.74001e-05,False,,,False,0,120,False
26,26,1,1,True,,8.70001e-05,False,,,False,0,120,False
27,27,1,1,True,,8.61001e-05,False,,,False,0,120,False
28,28,0,0,True,,8.66001e-05,False,,,False,0,120,False
29,29,1,1,True,0.9666666667,9.68e-05,False,,,False,0,120,False
30,30,1,1,True,0.9666666667,9.04001e-05,False,,,False,0,120,False
31,31,0,0,True,0.9666666667,8.85001e-05,False,,,False,0,120,False
32,32,0,0,True,0.9666666667,8.68e-05,False,,,False,0,120,False
33,33,1,1,True,1.0,9.02e-05,False,,,False,0,120,False
34,34,0,0,True,1.0,8.7e-05,False,,,False,0,120,False
35,35,0,0,True,1.0,8.68001e-05,False,,,False,0,120,False
36,36,1,1,True,1.0,8.70001e-05,False,,,False,0,120,False
37,37,1,0,False,0.9666666667,8.72e-05,False,,,False,0,120,False
38,38,0,0,True,0.9666666667,8.86e-05,False,,,False,0,120,False
39,39,1,1,True,0.9666666667,9.12e-05,False,,,False,0,120,False
40,40,1,1,True,0.9666666667,8.76e-05,False,,,False,0,120,False
41,41,0,0,True,0.9666666667,8.64001e-05,False,,,False,0,120,False
42,42,1,1,True,0.9666666667,9.38999e-05,False,,,False,0,120,False
43,43,0,0,True,0.9666666667,9.15e-05,False,,,False,0,120,False
44,44,1,1,True,0.9666666667,8.69001e-05,False,,,False,0,120,False
45,45,1,1,True,0.9666666667,8.61e-05,False,,,False,0,120,False
46,46,0,0,True,0.9666666667,8.58e-05,False,,,False,0,120,False
47,47,1,1,True,0.9666666667,8.62001e-05,False,,,False,0,120,False
48,48,1,1,True,0.9666666667,9.62999e-05,False,,,False,0,120,False
49,49,1,1,True,0.9666666667,8.80001e-05,False,,,False,0,120,False
50,50,0,0,True,0.9666666667,8.68e-05,False,,,False,0,120,False
51,51,1,1,True,0.9666666667,8.63e-05,False,,,False,0,120,False
52,52,0,0,True,0.9666666667,8.70001e-05,False,,,False,0,120,False
53,53,1,1,True,0.9666666667,9.09001e-05,False,,,False,0,120,False
54,54,1,1,True,0.9666666667,8.6e-05,False,,,False,0,120,False
55,55,0,0,True,0.9666666667,8.66e-05,False,,,False,0,120,False
56,56,0,0,True,0.9666666667,8.62001e-05,False,,,False,0,120,False
57,57,1,1,True,0.9666666667,8.61e-05,False,,,False,0,120,False
58,58,1,0,False,0.9333333333,9.39e-05,False,,,False,0,120,False
59,59,1,1,True,0.9333333333,8.65e-05,False,,,False,0,120,False
60,60,0,0,True,0.9333333333,8.57e-05,False,,,False,0,120,False
61,61,1,1,True,0.9333333333,8.59001e-05,False,,,False,0,120,False
62,62,0,0,True,0.9333333333,8.77001e-05,False,,,False,0,120,False
63,63,0,0,True,0.9333333333,8.81e-05,False,,,False,0,120,False
64,64,1,1,True,0.9333333333,8.68e-05,False,,,False,0,120,False
65,65,1,1,True,0.9333333333,8.68001e-05,False,,,False,0,120,False
66,66,1,1,True,0.9333333333,8.56e-05,False,,,False,0,120,False
67,67,0,0,True,0.9666666667,9.22e-05,False,,,False,0,120,False
68,68,1,1,True,0.9666666667,8.92e-05,False,,,False,0,120,False
69,69,0,0,True,0.9666666667,8.6e-05,False,,,False,0,120,False
70,70,0,0,True,0.9666666667,8.59001e-05,False,,,False,0,120,False
71,71,0,0,True,0.9666666667,8.56e-05,False,,,False,0,120,False
72,72,0,0,True,0.9666666667,8.66e-05,False,,,False,0,120,False
73,73,0,0,True,0.9666666667,8.86001e-05,False,,,False,0,120,False
74,74,0,0,True,0.9666666667,8.61e-05,True,,,False,0,120,True
75,75,1,1,True,0.9666666667,0.0001207,False,,,False,1,195,False
76,76,0,0,True,0.9666666667,9.95001e-05,False,,,False,1,195,False
77,77,1,1,True,0.9666666667,0.0001058,False,,,False,1,195,False
78,78,0,0,True,0.9666666667,9.24e-05,False,,,False,1,195,False
79,79,1,1,True,0.9666666667,8.85001e-05,False,,,False,1,195,False
80,80,1,1,True,0.9666666667,8.78e-05,False,,,False,1,195,False
81,81,0,0,True,0.9666666667,8.8e-05,False,,,False,1,195,False
82,82,1,1,True,0.9666666667,0.0001009,False,,,False,1,195,False
83,83,1,1,True,0.9666666667,8.91e-05,False,,,False,1,195,False
84,84,1,1,True,0.9666666667,8.77001e-05,False,,,False,1,195,False
85,85,1,1,True,0.9666666667,8.57e-05,False,,,False,1,195,False
86,86,0,0,True,0.9666666667,9.69e-05,False,,,False,1,195,False
87,87,0,0,True,0.9666666667,8.86e-05,False,,,False,1,195,False
88,88,0,0,True,1.0,8.64e-05,False,,,False,1,195,False
89,89,0,0,True,1.0,8.77001e-05,False,,,False,1,195,False
90,90,0,0,True,1.0,9.79999e-05,False,,,False,1,195,False
91,91,0,0,True,1.0,8.93e-05,False,,,False,1,195,False
92,92,0,0,True,1.0,9.18e-05,False,,,False,1,195,False
93,93,1,1,True,1.0,9.04e-05,False,,,False,1,195,False
94,94,0,0,True,1.0,8.68e-05,False,rejected,0.4587860573,False,1,195,False
95,95,1,1,True,1.0,9.18e-05,False,,,False,1,195,False
96,96,0,0,True,1.0,0.0001192,False,,,False,1,195,False
97,97,0,0,True,1.0,0.0001008,False,,,False,1,195,False
98,98,1,1,True,1.0,8.94e-05,False,,,False,1,195,False
99,99,0,0,True,1.0,8.91e-05,False,,,False,1,195,False
100,100,1,1,True,1.0,8.76e-05,False,,,False,1,195,False
101,101,1,1,True,1.0,8.69001e-05,False,,,False,1,195,False
102,102,0,0,True,1.0,9.27e-05,False,,,False,1,195,False
103,103,0,0,True,1.0,8.69e-05,False,,,False,1,195,False
104,104,1,1,True,1.0,9.19e-05,False,,,False,1,195,False
105,105,1,1,True,1.0,9.01e-05,False,,,False,1,195,False
106,106,1,1,True,1.0,8.78e-05,False,,,False,1,195,False
107,107,0,0,True,1.0,8.68e-05,False,,,False,1,195,False
108,108,1,1,True,1.0,9.53e-05,False,,,False,1,195,False
109,109,1,1,True,1.0,8.93e-05,False,,,False,1,195,False
110,110,1,1,True,1.0,8.81e-05,False,,,False,1,195,False
111,111,1,1,True,1.0,8.63001e-05,False,,,False,1,195,False
112,112,0,0,True,1.0,9.07e-05,False,,,False,1,195,False
113,113,1,1,True,1.0,8.76e-05,False,,,False,1,195,False
114,114,1,1,True,1.0,9.82e-05,False,,,False,1,195,False
115,115,0,0,True,1.0,8.92e-05,False,,,False,1,195,False
116,116,0,0,True,1.0,8.68e-05,True,,,False,1,195,True
117,117,1,1,True,1.0,0.0001373,False,,,False,2,237,False
118,118,0,1,False,0.9666666667,0.0001022,False,,,False,2,237,False
119,119,1,1,True,0.9666666667,9.44999e-05,False,,,False,2,237,False
120,120,1,1,True,0.9666666667,9.05e-05,False,,,False,2,237,False
121,121,1,1,True,0.9666666667,9.27e-05,False,,,False,2,237,False
122,122,1,1,True,0.9666666667,0.0001052,False,,,False,2,237,False
123,123,1,1,True,0.9666666667,8.94e-05,False,,,False,2,237,False
124,124,1,1,True,0.9666666667,9.17e-05,False,,,False,2,237,False
125,125,1,1,True,0.9666666667,9.33e-05,False,,,False,2,237,False
126,126,1,1,True,0.9666666667,8.74e-05,False,,,False,2,237,False
127,127,1,1,True,0.9666666667,9.27e-05,False,,,False,2,237,False
128,128,1,1,True,0.9666666667,8.91e-05,False,,,False,2,237,False
129,129,1,1,True,0.9666666667,8.76e-05,False,,,False,2,237,False
130,130,1,1,True,0.9666666667,8.76001e-05,False,,,False,2,237,False
131,131,1,1,True,0.9666666667,0.0001000999,False,,,False,2,237,False
132,132,1,1,True,0.9666666667,8.74e-05,False,,,False,2,237,False
133,133,1,1,True,0.9666666667,8.69001e-05,False,,,False,2,237,False
134,134,1,1,True,0.9666666667,8.77e-05,False,,,False,2,237,False
135,135,1,1,True,0.9666666667,9.61e-05,False,,,False,2,237,False
136,136,1,1,True,0.9666666667,8.68e-05,False,confirmed,5.1586e-06,True,2,237,False
137,137,1,1,True,0.9666666667,8.64e-05,False,,,False,2,237,False
138,138,1,1,True,0.9666666667,8.7e-05,False,,,False,2,237,False
139,139,1,1,True,0.9666666667,8.86e-05,False,,,False,2,237,False
140,140,1,1,True,0.9666666667,8.95001e-05,False,,,False,2,237,False
141,141,1,1,True,0.9666666667,9.43e-05,False,,,False,2,237,False
142,142,0,0,True,0.9666666667,8.9e-05,False,,,False,2,237,False
143,143,1,1,True,0.9666666667,8.74e-05,False,,,False,2,237,False
144,144,1,1,True,0.9666666667,8.74001e-05,False,,,False,2,237,False
145,145,1,1,True,0.9666666667,8.77e-05,False,,,False,2,237,False
146,146,1,1,True,0.9666666667,8.88e-05,False,,,False,2,237,False
147,147,1,1,True,0.9666666667,8.81e-05,False,,,False,2,237,False
148,148,1,1,True,1.0,8.78001e-05,False,,,False,2,237,False
149,149,1,1,True,1.0,8.93001e-05,False,,,False,2,237,False
150,150,1,1,True,1.0,9.61e-05,False,,,False,2,237,False
151,151,1,1,True,1.0,9.18e-05,False,,,False,2,237,False
152,152,1,1,True,1.0,8.83e-05,False,,,False,2,237,False
153,153,1,1,True,1.0,8.79e-05,False,,,False,2,237,False
154,154,1,1,True,1.0,9.72e-05,False,,,False,2,237,False
155,155,1,1,True,1.0,9.27e-05,False,,,False,2,237,False
156,156,1,1,True,1.0,8.85e-05,False,,,False,2,237,False
157,157,1,1,True,1.0,8.85e-05,False,,,False,2,237,False
158,158,1,1,True,1.0,8.92e-05,False,,,False,2,237,False
159,159,1,1,True,1.0,9.45e-05,False,,,False,2,237,False
160,160,1,1,True,1.0,9.17e-05,False,,,False,2,237,False
161,161,1,1,True,1.0,9.21e-05,False,,,False,2,237,False
162,162,0,0,True,1.0,8.85e-05,False,,,False,2,237,False
163,163,1,1,True,1.0,8.82e-05,False,,,False,2,237,False
164,164,1,1,True,1.0,8.87001e-05,False,,,False,2,237,False
165,165,1,1,True,1.0,8.76e-05,False,,,False,2,237,False
166,166,1,1,True,1.0,8.95e-05,False,,,False,2,237,False
167,167,1,1,True,1.0,9.04e-05,False,,,False,2,237,False
168,168,1,1,True,1.0,8.81e-05,False,,,False,2,237,False
169,169,1,1,True,1.0,9.64e-05,False,,,False,2,237,False
170,170,1,1,True,1.0,8.87e-05,False,,,False,2,237,False
171,171,1,1,True,1.0,9.1e-05,False,,,False,2,237,False
172,172,1,1,True,1.0,8.96e-05,False,,,False,2,237,False
173,173,1,1,True,1.0,9.14e-05,False,,,False,2,237,False
174,174,1,1,True,1.0,8.82e-05,False,,,False,2,237,False
175,175,1,1,True,1.0,8.78e-05,False,,,False,2,237,False
176,176,1,1,True,1.0,8.85e-05,False,,,False,2,237,False
177,177,1,1,True,1.0,8.82e-05,False,,,False,2,237,False
178,178,1,1,True,1.0,9.77e-05,False,,,False,2,237,False
179,179,1,1,True,1.0,9.14e-05,False,,,False,2,237,False
180,180,1,1,True,1.0,8.83e-05,True,,,False,2,237,True
181,181,1,1,True,1.0,0.0001270999,False,,,False,3,301,False
182,182,1,1,True,1.0,0.0001138999,False,,,False,3,301,False
183,183,1,1,True,1.0,9.5e-05,False,,,False,3,301,False
184,184,1,1,True,1.0,9.05e-05,False,,,False,3,301,False
185,185,1,1,True,1.0,9.34999e-05,False,,,False,3,301,False
186,186,0,0,True,1.0,9.17e-05,False,,,False,3,301,False
187,187,1,1,True,1.0,9.14e-05,False,,,False,3,301,False
188,188,1,1,True,1.0,8.96e-05,False,,,False,3,301,False
189,189,1,1,True,1.0,8.95001e-05,False,,,False,3,301,False
190,190,0,0,True,1.0,9.30999e-05,False,,,False,3,301,False
191,191,1,1,True,1.0,0.0001014001,False,,,False,3,301,False
192,192,1,1,True,1.0,9.04e-05,False,,,False,3,301,False
193,193,1,1,True,1.0,8.95e-05,False,,,False,3,301,False
194,194,1,1,True,1.0,9.04e-05,False,,,False,3,301,False
195,195,1,1,True,1.0,8.92e-05,False,,,False,3,301,False
196,196,1,1,True,1.0,9e-05,False,,,False,3,301,False
197,197,1,1,True,1.0,8.94e-05,False,,,False,3,301,False
198,198,1,1,True,1.0,8.96e-05,False,,,False,3,301,False
199,199,1,1,True,1.0,9.64e-05,False,,,False,3,301,False
200,200,1,1,True,1.0,0.0001049,False,rejected,0.574001857,False,3,301,False
201,201,1,1,True,1.0,9.25e-05,False,,,False,3,301,False
202,202,1,1,True,1.0,8.83e-05,False,,,False,3,301,False
203,203,1,1,True,1.0,9.01e-05,False,,,False,3,301,False
204,204,1,1,True,1.0,8.78e-05,False,,,False,3,301,False
205,205,0,0,True,1.0,8.83e-05,False,,,False,3,301,False
206,206,1,1,True,1.0,8.91e-05,False,,,False,3,301,False
207,207,1,1,True,1.0,8.84001e-05,False,,,False,3,301,False
208,208,1,1,True,1.0,8.86e-05,False,,,False,3,301,False
209,209,1,1,True,1.0,8.82e-05,False,,,False,3,301,False
210,210,1,1,True,1.0,9.62999e-05,False,,,False,3,301,False
211,211,1,1,True,1.0,8.94e-05,False,,,False,3,301,False
212,212,1,1,True,1.0,8.90001e-05,False,,,False,3,301,False
213,213,1,1,True,1.0,8.86e-05,False,,,False,3,301,False
214,214,1,1,True,1.0,8.87e-05,False,,,False,3,301,False
215,215,1,1,True,1.0,8.78e-05,False,,,False,3,301,False
216,216,1,1,True,1.0,8.96e-05,False,,,False,3,301,False
217,217,1,1,True,1.0,9.2e-05,False,,,False,3,301,False
218,218,1,1,True,1.0,0.0001007001,False,,,False,3,301,False
219,219,1,1,True,1.0,0.0001447001,False,,,False,3,301,False
220,220,1,1,True,1.0,0.0001948,False,,,False,3,301,False
221,221,1,1,True,1.0,0.0001051,False,,,False,3,301,False
222,222,1,1,True,1.0,0.0001041,False,,,False,3,301,False
223,223,1,1,True,1.0,9.88001e-05,False,,,False,3,301,False
224,224,1,1,True,1.0,8.91001e-05,False,,,False,3,301,False
225,225,1,1,True,1.0,8.91e-05,False,,,False,3,301,False
226,226,1,1,True,1.0,9.97999e-05,False,,,False,3,301,False
227,227,0,0,True,1.0,9.03e-05,False,,,False,3,301,False
228,228,1,1,True,1.0,9.07e-05,False,,,False,3,301,False
229,229,1,1,True,1.0,8.92e-05,False,,,False,3,301,False
230,230,1,1,True,1.0,9.19e-05,False,,,False,3,301,False
231,231,0,1,False,0.9666666667,8.84001e-05,False,,,False,3,301,False
232,232,1,0,False,0.9333333333,8.91e-05,False,,,False,3,301,False
233,233,1,1,True,0.9333333333,9.08e-05,False,,,False,3,301,False
234,234,1,1,True,0.9333333333,9.25999e-05,False,,,False,3,301,False
235,235,0,0,True,0.9333333333,9.72999e-05,False,,,False,3,301,False
236,236,0,0,True,0.9333333333,9.14e-05,False,,,False,3,301,False
237,237,1,1,True,0.9333333333,9e-05,False,,,False,3,301,False
238,238,1,1,True,0.9333333333,8.88e-05,False,,,False,3,301,False
239,239,1,1,True,0.9333333333,8.89001e-05,False,,,False,3,301,False
