time,block_index,block_start_time,block_end_time,block_mean,estimate,interval_lower,interval_upper,intersection_lower,intersection_upper,ici_alarm,epoch
510,1,501,510,1.0306829516812062,0.41813619766340676,0.23893219430876347,0.5973402010180501,0.23893219430876347,0.5868724342684982,0,0
520,2,511,520,1.0665314099245915,0.43060533636073717,0.2531328132580325,0.6080778594634418,0.2531328132580325,0.5868724342684982,0,0
530,3,521,530,2.1136337688426816,0.46236058980379274,0.2865703086776907,0.6381508709298949,0.2865703086776907,0.5868724342684982,0,0
540,4,531,540,1.3442465594992659,0.47869181146482,0.3045368243107165,0.6528467986189235,0.3045368243107165,0.5868724342684982,0,0
550,5,541,550,0.28085775182567674,0.4750948285622902,0.3025303312268469,0.6476593258977335,0.3045368243107165,0.5868724342684982,0,0
560,6,551,560,1.6877142504550122,0.4967487468103745,0.3257319443915728,0.6677655492291762,0.3257319443915728,0.5868724342684982,0,0
570,7,561,570,1.2640704292019973,0.5102105307119819,0.3407005136330917,0.6797205477908721,0.3407005136330917,0.5868724342684982,0,0
580,8,571,580,1.3218722760013104,0.5242046987342117,0.35616232847502516,0.6922470689933983,0.35616232847502516,0.5868724342684982,0,0
590,9,581,590,0.7177828228549488,0.5274856838888005,0.3608734874699714,0.6940978803076295,0.3608734874699714,0.5868724342684982,0,0
600,10,591,600,1.2567552191924565,0.5396401761438614,0.37442224855856165,0.7048581037291611,0.37442224855856165,0.5868724342684982,0,0
610,11,601,610,2.038463834919528,0.5642110557959215,0.4003529696692477,0.7280691419225952,0.4003529696692477,0.5868724342684982,0,0
620,12,611,620,1.1172602827893119,0.5731312046183955,0.41059992645071275,0.7356624827860783,0.41059992645071275,0.5868724342684982,0,0
630,13,621,630,1.9778798713584371,0.5954288025031581,0.4341926149202586,0.7566649900860576,0.4341926149202586,0.5868724342684982,0,0
640,14,631,640,1.4315259843830703,0.6084928209700318,0.44852125046183955,0.768464391478224,0.44852125046183955,0.5868724342684982,0,0
650,15,641,650,1.9785376695240422,0.6295704340247089,0.47083418370628916,0.7883066843431287,0.47083418370628916,0.5868724342684982,0,0
660,16,651,660,2.199017384035584,0.653349933267298,0.4958208202420273,0.8108790462925686,0.4958208202420273,0.5868724342684982,0,0
670,17,661,670,0.8532575446084728,0.6563336289589573,0.4999845259046265,0.8126827320132881,0.4999845259046265,0.5868724342684982,0,0
680,18,671,680,2.308275002114209,0.6806268844465345,0.5254316650815416,0.8358221038115274,0.5254316650815416,0.5868724342684982,0,0
690,19,681,690,2.288368427229358,0.7039274865158508,0.5498609746350588,0.8579939983966428,0.5498609746350588,0.5868724342684982,0,0
700,20,691,700,0.5456855867336626,0.7016668879475337,0.5487048097462973,0.8546289661487702,0.5498609746350588,0.5868724342684982,0,0
710,21,701,710,2.232039005687138,0.7232214248171056,0.5713403642478357,0.8751024853863755,0.5713403642478357,0.5868724342684982,0,0
720,22,711,720,1.9906942104951821,0.740825213507079,0.5900025704358728,0.8916478565782852,0.5900025704358728,0.5868724342684982,1,0
730,23,721,730,2.342332550652869,2.1665133805740258,1.2615775221467886,3.0714492390012627,1.2615775221467886,3.0714492390012627,0,1
740,24,731,740,2.4196075204711045,2.250878093873052,1.5120010595083162,2.989755128237788,1.5120010595083162,2.989755128237788,0,1
750,25,741,750,2.4288615949275356,2.295373969136673,1.655487687103904,2.9352602511694417,1.655487687103904,2.9352602511694417,0,1
760,26,751,760,2.4855845661064193,2.333416088530622,1.7610843987326725,2.9057477783285717,1.7610843987326725,2.9057477783285717,0,1
770,27,761,770,2.826508243514966,2.4155981143613463,1.8931331528990358,2.9380630758236568,1.8931331528990358,2.9057477783285717,0,1
780,28,771,780,3.2075859362015793,2.528739231767094,2.0450306690183955,3.012447794515792,2.0450306690183955,2.9057477783285717,0,1
790,29,781,790,2.7103491561565547,2.551440472315776,2.0989725431021578,3.0039084015293946,2.0989725431021578,2.9057477783285717,0,1
800,30,791,800,2.1338127461964067,2.505037391635846,2.0784465369473333,2.931628246324359,2.0989725431021578,2.9057477783285717,0,1
810,31,801,810,3.222577787526306,2.576791431224892,2.172091812280806,2.9814910501689775,2.172091812280806,2.9057477783285717,0,1
820,32,811,820,2.7683260196956474,2.594203666540415,2.2083377199952827,2.9800696130855475,2.2083377199952827,2.9057477783285717,0,1
830,33,821,830,2.2948405642888496,2.5692567413527847,2.199818224170417,2.9386952585351525,2.2083377199952827,2.9057477783285717,0,1
840,34,831,840,2.6392619281945167,2.5746417557252252,2.219696709519816,2.9295868019306344,2.219696709519816,2.9057477783285717,0,1
850,35,841,850,4.94516455087833,2.743964812521876,2.4019312076842727,3.0859984173594794,2.4019312076842727,2.9057477783285717,0,1
860,36,851,860,3.0658098589261256,2.7654211489488256,2.434985293778226,3.0958570041194253,2.434985293778226,2.9057477783285717,0,1
870,37,861,870,2.1211442995054752,2.725153845858616,2.4052107048422315,3.045096986875001,2.434985293778226,2.9057477783285717,0,1
880,38,871,880,2.237506871581792,2.6964687297246854,2.3860782909947,3.006859168454671,2.434985293778226,2.9057477783285717,0,1
890,39,881,890,3.124424260357576,2.720244036982068,2.4185987508396556,3.0218893231244808,2.434985293778226,2.9057477783285717,0,1
900,40,891,900,1.76985929861597,2.670223787594379,2.376623825621873,2.963823749566885,2.434985293778226,2.9057477783285717,0,1
910,41,901,910,3.9745924769079366,2.735442222060057,2.449276377161082,3.0216080669590317,2.449276377161082,2.9057477783285717,0,1
920,42,911,920,4.281470339893701,2.809062608623564,2.5297933397112757,3.088331877535852,2.5297933397112757,2.9057477783285717,0,1
930,43,921,930,3.63327291718984,2.8465267135583945,2.5736782861273655,3.1193751409894235,2.5736782861273655,2.9057477783285717,0,1
940,44,931,940,4.022365368791245,2.897650133351127,2.630799107028681,3.164501159673573,2.630799107028681,2.9057477783285717,0,1
950,45,941,950,4.206962804690427,2.952204827990265,2.6909723472591094,3.2134373087214203,2.6909723472591094,2.9057477783285717,0,1
960,46,951,960,3.2719922564280965,2.9649963251277778,2.7090418123146702,3.2209508379408853,2.7090418123146702,2.9057477783285717,0,1
970,47,961,970,3.467025120603515,2.9843051249537678,2.7333210758333504,3.235289174074185,2.7333210758333504,2.9057477783285717,0,1
980,48,971,980,3.820130622011728,3.015261624844803,2.7689692800565577,3.2615539696330487,2.7689692800565577,2.9057477783285717,0,1
990,49,981,990,3.445689172241015,3.030634037251811,2.788779755877462,3.27248831862616,2.788779755877462,2.9057477783285717,0,1
1000,50,991,1000,4.845555116056566,3.093217522727837,2.855569723653974,3.3308653218017,2.855569723653974,2.9057477783285717,0,1
1010,51,1001,1010,4.749643300734704,3.148431715328066,2.914778281389759,3.382085149266373,2.914778281389759,2.9057477783285717,1,1
1020,52,1011,1020,3.9519058464482044,4.350774573591454,3.445838715164217,5.255710432018691,3.469870736669166,5.255710432018691,0,2
1030,53,1021,1030,3.8737848458434163,4.191777997675441,3.452900963310705,4.9306550320401765,3.469870736669166,4.9306550320401765,0,2
1040,54,1031,1040,5.178913605499256,4.438561899631395,3.7986756175986263,5.0784481816641645,3.7986756175986263,4.9306550320401765,0,2
1050,55,1041,1050,4.4285276523443144,4.436555050173979,3.8642233603760294,5.008886739971929,3.8642233603760294,4.9306550320401765,0,2
1060,56,1051,1060,4.828405342788395,4.501863432276381,3.9793984708140706,5.024328393738692,3.9793984708140706,4.9306550320401765,0,2
1070,57,1061,1070,4.61063015319179,4.517401535264297,4.033692972515599,5.001110098012996,4.033692972515599,4.9306550320401765,0,2
1080,58,1071,1080,5.000207432011796,4.577752272357735,4.125284343144116,5.030220201571353,4.125284343144116,4.9306550320401765,0,2
1090,59,1081,1090,4.002439343657585,4.513828613613274,4.087237758924761,4.940419468301787,4.125284343144116,4.9306550320401765,0,2
1100,60,1091,1100,5.345994913632776,4.5970452436152245,4.192345624671139,5.00174486255931,4.192345624671139,4.9306550320401765,0,2
1110,61,1101,1110,5.599905405407375,4.688214349232693,4.30234840268756,5.074080295777826,4.30234840268756,4.9306550320401765,0,2
1120,62,1111,1120,6.019557869706584,4.799159642605517,4.429721125423149,5.1685981597878845,4.429721125423149,4.9306550320401765,0,2
1130,63,1121,1130,5.360474047335601,4.8423376737386,4.487392627533191,5.197282719944009,4.487392627533191,4.9306550320401765,0,2
1140,64,1131,1140,4.967478416722473,4.851276298237448,4.509242693399845,5.193309903075052,4.509242693399845,4.9306550320401765,0,2
1150,65,1141,1150,5.048629613924943,4.864433185949948,4.533997330779348,5.194869041120548,4.533997330779348,4.9306550320401765,0,2
1160,66,1151,1160,6.084548657939229,4.9406904029492775,4.620747261932893,5.260633543965662,4.620747261932893,4.9306550320401765,0,2
1170,67,1161,1170,4.691399882381096,4.92602625468056,4.615635815950575,5.236416693410546,4.620747261932893,4.9306550320401765,0,2
1180,68,1171,1180,3.8528915078713277,4.8664076576356035,4.564762371493191,5.168052943778016,4.620747261932893,4.9306550320401765,0,2
1190,69,1181,1190,5.175367001449796,4.882668675731088,4.589068713758582,5.176268637703593,4.620747261932893,4.9306550320401765,0,2
1200,70,1191,1200,6.357277796049246,4.956399131746996,4.670233286848021,5.24256497664597,4.670233286848021,4.9306550320401765,0,2
1210,71,1201,1210,5.522386207276699,4.9833508972484095,4.704081628336121,5.262620166160698,4.704081628336121,4.9306550320401765,0,2
1220,72,1211,1220,5.208335811777642,4.993577484272466,4.720729056841437,5.266425911703495,4.720729056841437,4.9306550320401765,0,2
1230,73,1221,1230,6.854834598215166,5.0745017066178,4.807650680295355,5.341352732940246,4.807650680295355,4.9306550320401765,0,2
1240,74,1231,1240,5.864398023089548,5.1074140531374566,4.8461815724063015,5.368646533868612,4.8461815724063015,4.9306550320401765,0,2
1250,75,1241,1250,6.710371817879286,5.171532363727129,4.915577850914022,5.427486876540237,4.915577850914022,4.9306550320401765,0,2
1260,76,1251,1260,6.245270535750693,5.212829985728036,4.961845936607619,5.463814034848453,4.961845936607619,4.9306550320401765,1,2
1270,77,1261,1270,6.514916627444895,6.380093581597794,5.4751577231705575,7.285029440025031,5.4751577231705575,7.285029440025031,0,3
1280,78,1271,1280,7.050581806190276,6.603589656461955,5.864712622097219,7.342466690826692,5.864712622097219,7.285029440025031,0,3
1290,79,1281,1290,5.699662296652967,6.377607816509708,5.737721534476939,7.017494098542477,5.864712622097219,7.017494098542477,0,3
1300,80,1291,1300,6.157895578709128,6.333665368949592,5.761333679151642,6.905997058747541,5.864712622097219,6.905997058747541,0,3
1310,81,1301,1310,6.122190121983811,6.298419494455295,5.7759545329929844,6.820884455917606,5.864712622097219,6.820884455917606,0,3
1320,82,1311,1320,7.341482291532747,6.44742846546636,5.963719902717662,6.931137028215058,5.963719902717662,6.820884455917606,0,3
1330,83,1321,1330,6.753461889837024,6.4856826435126935,6.033214714299075,6.938150572726312,6.033214714299075,6.820884455917606,0,3
1340,84,1331,1340,7.529287827924575,6.601638775114014,6.175047920425501,7.028229629802527,6.175047920425501,6.820884455917606,0,3
1350,85,1341,1350,7.781413992865964,6.719616296889209,6.314916677945123,7.124315915833294,6.314916677945123,6.820884455917606,0,3
1360,86,1351,1360,7.350743622505435,6.776991508308865,6.391125561763732,7.162857454853998,6.391125561763732,6.820884455917606,0,3
1370,87,1361,1370,7.008409202076285,6.796276316122817,6.426837798940449,7.165714833305184,6.426837798940449,6.820884455917606,0,3
1380,88,1371,1380,7.611791737716921,6.859008271630055,6.5040632254246455,7.213953317835464,6.5040632254246455,6.820884455917606,0,3
1390,89,1381,1390,6.965059294152335,6.866583344667361,6.524549739829757,7.208616949504965,6.524549739829757,6.820884455917606,0,3
1400,90,1391,1400,7.329569410379312,6.89744908238149,6.56701322721089,7.22788493755209,6.56701322721089,6.820884455917606,0,3
1410,91,1401,1410,8.290432143458322,6.984510523698792,6.6645673826824074,7.304453664715177,6.6645673826824074,6.820884455917606,0,3
1420,92,1411,1420,9.240810388852598,7.117234045178428,6.806843606448442,7.427624483908414,6.806843606448442,6.820884455917606,0,3
1430,93,1421,1430,8.676058389903725,7.203835397663166,6.902190111520754,7.505480683805579,6.902190111520754,6.820884455917606,1,3
1440,94,1431,1440,7.460709418038251,8.068383903970988,7.163448045543751,8.973319762398225,7.396285825838187,8.973319762398225,0,4
1450,95,1441,1450,8.961089012703471,8.365952273548482,7.627075239183746,9.104829307913217,7.627075239183746,8.973319762398225,0,4
1460,96,1451,1460,8.688329576166634,8.446546599203021,7.806660317170252,9.08643288123579,7.806660317170252,8.973319762398225,0,4
1470,97,1461,1470,8.092311271501808,8.375699533662779,7.803367843864829,8.948031223460728,7.806660317170252,8.948031223460728,0,4
1480,98,1471,1480,7.930995182205845,8.30158214175329,7.779117180290979,8.8240471032156,7.806660317170252,8.8240471032156,0,4
1490,99,1481,1490,8.435451491573316,8.320706334584722,7.836997771836024,8.804414897333421,7.836997771836024,8.804414897333421,0,4
1500,100,1491,1500,7.555383186400181,8.225040941061655,7.772573011848037,8.677508870275274,7.836997771836024,8.677508870275274,0,4
1510,101,1501,1510,8.919903299855998,8.302247869816583,7.87565701512807,8.728838724505096,7.87565701512807,8.677508870275274,0,4
1520,102,1511,1520,9.661477647429138,8.438170847577839,8.033471228633752,8.842870466521925,8.033471228633752,8.677508870275274,0,4
1530,103,1521,1530,8.666847266032562,8.458959612891904,8.073093666346772,8.844825559437037,8.073093666346772,8.677508870275274,0,4
1540,104,1531,1540,9.19798755478834,8.520545274716607,8.151106757534238,8.889983791898976,8.151106757534238,8.677508870275274,0,4
1550,105,1541,1550,9.167693813589326,8.57032593155297,8.21538088534756,8.92527097775838,8.21538088534756,8.677508870275274,0,4
1560,106,1551,1560,8.698073073681414,8.579450727419287,8.237417122581684,8.92148433225689,8.237417122581684,8.677508870275274,0,4
1570,107,1561,1570,8.694241804740125,8.587103465907344,8.256667610736745,8.917539321077943,8.256667610736745,8.677508870275274,0,4
1580,108,1571,1580,8.970578454817664,8.611070652714238,8.291127511697853,8.931013793730623,8.291127511697853,8.677508870275274,0,4
1590,109,1581,1590,8.52913265709461,8.606250770618965,8.29586033188898,8.91664120934895,8.29586033188898,8.677508870275274,0,4
1600,110,1591,1600,9.035475030944182,8.630096562859256,8.328451276716844,8.931741849001668,8.328451276716844,8.677508870275274,0,4
1610,111,1601,1610,11.227836986116621,8.766819743030695,8.473219781058189,9.0604197050032,8.473219781058189,8.677508870275274,0,4
1620,112,1611,1620,10.777443183692704,8.867350915063795,8.581185070164821,9.15351675996277,8.581185070164821,8.677508870275274,0,4
1630,113,1621,1630,10.552739424091257,8.947607510731771,8.668338241819484,9.226876779644059,8.668338241819484,8.677508870275274,0,4
1640,114,1631,1640,10.641471486832002,9.024601327827234,8.751752900396205,9.297449755258263,8.751752900396205,8.677508870275274,1,4
1650,115,1641,1650,10.098829248684526,10.370150367758264,9.465214509331027,11.2750862261855,9.465214509331027,11.2750862261855,0,5
1660,116,1651,1660,10.02341853722777,10.254573090914766,9.51569605655003,10.993450125279502,9.51569605655003,10.993450125279502,0,5
1670,117,1661,1670,11.287286678122397,10.512751487716674,9.872865205683905,11.152637769749443,9.872865205683905,10.993450125279502,0,5
1680,118,1671,1680,10.233328206479419,10.456866831469224,9.884535141671275,11.029198521267173,9.884535141671275,10.993450125279502,0,5
1690,119,1681,1690,10.018284756387574,10.383769818955615,9.861304857493305,10.906234780417925,9.884535141671275,10.906234780417925,0,5
1700,120,1691,1700,10.224988250139301,10.36108673769614,9.877378174947442,10.84479530044484,9.884535141671275,10.84479530044484,0,5
1710,121,1701,1710,11.428057317186312,10.494458060132413,10.041990130918794,10.946925989346031,10.041990130918794,10.84479530044484,0,5
1720,122,1711,1720,11.066723552567387,10.55804311484741,10.131452260158897,10.984633969535922,10.131452260158897,10.84479530044484,0,5
1730,123,1721,1730,11.734378681780347,10.675676671540703,10.270977052596617,11.08037629048479,10.270977052596617,10.84479530044484,0,5
1740,124,1731,1740,11.446169490976976,10.745721473307636,10.359855526762503,11.13158741985277,10.359855526762503,10.84479530044484,0,5
1750,125,1741,1750,11.620274088782537,10.818600857930543,10.449162340748174,11.188039375112911,10.449162340748174,10.84479530044484,0,5
1760,126,1751,1760,12.57023387220265,10.953341859028399,10.598396812822989,11.308286905233809,10.598396812822989,10.84479530044484,0,5
1770,127,1761,1770,10.559681132239763,10.925223235686355,10.583189630848752,11.267256840523958,10.598396812822989,10.84479530044484,0,5
1780,128,1771,1780,12.139840039042996,11.006197689243464,10.675761834072865,11.336633544414063,10.675761834072865,10.84479530044484,0,5
1790,129,1781,1790,12.052205398650063,11.071573171081377,10.751630030064993,11.391516312097762,10.751630030064993,10.84479530044484,0,5
1800,130,1791,1800,11.01657079114906,11.068337736967711,10.757947298237726,11.378728175697697,10.757947298237726,10.84479530044484,0,5
1810,131,1801,1810,12.720793177153771,11.16014081697805,10.858495530835638,11.461786103120462,10.858495530835638,10.84479530044484,1,5
1820,132,1811,1820,12.918611664056694,12.819702420605232,11.914766562177995,13.724638279032469,11.914766562177995,13.724638279032469,0,6
1830,133,1821,1830,13.661940955432419,13.100448598880961,12.361571564516225,13.839325633245696,12.361571564516225,13.724638279032469,0,6
1840,134,1831,1840,13.077101106898425,13.094611725885327,12.454725443852558,13.734498007918097,12.454725443852558,13.724638279032469,0,6
1850,135,1841,1850,12.193771153395723,12.914443611387407,12.342111921589458,13.486775301185356,12.454725443852558,13.486775301185356,0,6
1860,136,1851,1860,13.248094826367417,12.970052147217409,12.447587185755099,13.492517108679719,12.454725443852558,13.486775301185356,0,6
1870,137,1861,1870,13.45123418086527,13.038792437738532,12.555083874989833,13.522501000487232,12.555083874989833,13.486775301185356,0,6
1880,138,1871,1880,12.857379117207412,13.016115772672142,12.563647843458524,13.46858370188576,12.563647843458524,13.46858370188576,0,6
1890,139,1881,1890,12.914419079779432,13.004816140128508,12.578225285439995,13.43140699481702,12.578225285439995,13.43140699481702,0,6
1900,140,1891,1900,12.121463723373623,12.91648089845302,12.511781279508934,13.321180517397107,12.578225285439995,13.321180517397107,0,6
1910,141,1901,1910,14.414426225637143,13.052657746378848,12.666791799833716,13.438523692923981,12.666791799833716,13.321180517397107,0,6
1920,142,1911,1920,13.742326539623587,13.110130145815909,12.74069162863354,13.479568662998277,12.74069162863354,13.321180517397107,0,6
1930,143,1921,1930,13.644708395818117,13.151251549662232,12.796306503456822,13.506196595867642,12.796306503456822,13.321180517397107,0,6
1940,144,1931,1940,14.51578964459588,13.248718556443208,12.906684951605605,13.590752161280811,12.906684951605605,13.321180517397107,0,6
1950,145,1941,1950,12.739470796184502,13.214768705759294,12.884332850588695,13.545204560929893,12.906684951605605,13.321180517397107,0,6
1960,146,1951,1960,14.312567091289257,13.283381104854916,12.963437963838532,13.6033242458713,12.963437963838532,13.321180517397107,0,6
1970,147,1961,1970,14.157251912583376,13.334785270015415,13.024394831285429,13.6451757087454,13.024394831285429,13.321180517397107,0,6
1980,148,1971,1980,14.203855964263505,13.383066975251419,13.081421689109007,13.68471226139383,13.081421689109007,13.321180517397107,0,6
1990,149,1981,1990,14.6467235739218,13.449575217286702,13.155975255314196,13.743175179259207,13.155975255314196,13.321180517397107,0,6
2000,150,1991,2000,14.624017344411675,13.508297323642953,13.222131478743979,13.794463168541927,13.222131478743979,13.321180517397107,0,6
2010,151,2001,2010,16.046020426584473,13.62914128092588,13.349872012013593,13.908410549838168,13.349872012013593,13.321180517397107,1,6
2020,152,2011,2020,16.576583395400988,16.311301910992732,15.406366052565495,17.21623776941997,15.406366052565495,17.21623776941997,0,7
2030,153,2021,2030,15.237848178430422,15.95348400013863,15.214606965773894,16.692361034503367,15.406366052565495,16.692361034503367,0,7
2040,154,2031,2040,16.327127284194688,16.046894821152645,15.407008539119875,16.686781103185414,15.407008539119875,16.686781103185414,0,7
2050,155,2041,2050,16.10968031236286,16.059451919394686,15.487120229596737,16.631783609192635,15.487120229596737,16.631783609192635,0,7
2060,156,2051,2060,16.076217868899874,16.062246244312217,15.539781282849907,16.58471120577453,15.539781282849907,16.58471120577453,0,7
2070,157,2061,2070,16.056289683406508,16.061395307039973,15.577686744291274,16.545103869788672,15.577686744291274,16.545103869788672,0,7
2080,158,2071,2080,15.06302551273517,15.936599082751872,15.484131153538254,16.38906701196549,15.577686744291274,16.38906701196549,0,7
2090,159,2081,2090,15.741531236951914,15.914924877662989,15.488334022974476,16.3415157323515,15.577686744291274,16.3415157323515,0,7
2100,160,2091,2100,16.446024833715004,15.96803487326819,15.563335254324103,16.372734492212274,15.577686744291274,16.3415157323515,0,7
2110,161,2101,2110,17.204928933516033,16.080479787836175,15.694613841291043,16.466345734381306,15.694613841291043,16.3415157323515,0,7
2120,162,2111,2120,17.689390127678433,16.214555649489697,15.845117132307328,16.583994166672063,15.845117132307328,16.3415157323515,0,7
2130,163,2121,2130,18.166355001486135,16.36469406118173,16.00974901497632,16.719639107387138,16.00974901497632,16.3415157323515,0,7
2140,164,2131,2140,17.94246903127611,16.47739227333133,16.135358668493726,16.819425878168932,16.135358668493726,16.3415157323515,0,7
2150,165,2141,2150,17.793023633021694,16.56510103064402,16.23466517547342,16.895536885814618,16.23466517547342,16.3415157323515,0,7
2160,166,2151,2160,17.594730522497663,16.629452873884873,16.309509732868488,16.949396014901257,16.309509732868488,16.3415157323515,0,7
2170,167,2161,2170,18.195587775545455,16.721578456335493,16.411188017605507,17.03196889506548,16.411188017605507,16.3415157323515,1,7
2180,168,2171,2180,16.741469142660385,17.46852845910292,16.563592600675683,18.373464317530157,16.915815211479917,18.373464317530157,0,8
2190,169,2181,2190,17.094368734058936,17.343808550754925,16.604931516390188,18.082685585119663,16.915815211479917,18.082685585119663,0,8
2200,170,2191,2200,17.239475782367798,17.317725358658144,16.677839076625375,17.957611640690914,16.915815211479917,17.957611640690914,0,8
2210,171,2201,2210,19.13088232276595,17.680356751479707,17.108025061681758,18.252688441277655,17.108025061681758,17.957611640690914,0,8
2220,172,2211,2220,19.812138836037242,18.03565376557263,17.513188804110317,18.55811872703494,17.513188804110317,17.957611640690914,0,8
2230,173,2221,2230,18.57490185762304,18.112689207294117,17.62898064454542,18.596397770042817,17.62898064454542,17.957611640690914,0,8
2240,174,2231,2240,18.987290258155106,18.22201433865174,17.76954640943812,18.674482267865358,17.76954640943812,17.957611640690914,0,8
2250,175,2241,2250,18.434999998636023,18.245679411983325,17.819088557294812,18.672270266671838,17.819088557294812,17.957611640690914,0,8
2260,176,2251,2260,19.02870788448612,18.323982259233606,17.91928264028952,18.728681878177692,17.91928264028952,17.957611640690914,0,8
2270,177,2261,2270,19.157346022243996,18.399742601325457,18.013876654780326,18.785608547870588,18.013876654780326,17.957611640690914,1,8
2280,178,2271,2280,18.095240179888805,18.626293101066402,17.721357242639165,19.53122895949364,17.877573458178457,19.53122895949364,0,9
2290,179,2281,2290,20.06596811391683,19.106184772016544,18.367307737651807,19.84506180638128,18.367307737651807,19.53122895949364,0,9
2300,180,2291,2300,20.27162630413402,19.397545155045915,18.757658873013145,20.037431437078684,18.757658873013145,19.53122895949364,0,9
2310,181,2301,2310,20.175053861090923,19.553046896254916,18.980715206456967,20.125378586052864,18.980715206456967,19.53122895949364,0,9
2320,182,2311,2320,21.418762805113204,19.863999547731297,19.341534586268985,20.38646450919361,19.341534586268985,19.53122895949364,0,9
2330,183,2321,2330,20.989967692996807,20.02485213991208,19.541143577163382,20.50856070266078,19.541143577163382,19.53122895949364,1,9
2340,184,2331,2340,21.453012977908127,21.221490335452465,20.316554477025228,22.126426193879702,20.316554477025228,22.126426193879702,0,10
2350,185,2341,2350,20.568784132853434,21.003921601252788,20.26504456688805,21.742798635617525,20.316554477025228,21.742798635617525,0,10
2360,186,2351,2360,20.809904844958503,20.955417412179216,20.315531130146447,21.595303694211985,20.316554477025228,21.595303694211985,0,10
2370,187,2361,2370,22.381456474115566,21.240625224566486,20.668293534768537,21.812956914364435,20.668293534768537,21.595303694211985,0,10
2380,188,2371,2380,19.999397988353994,21.03375401853107,20.51128905706876,21.556218979993382,20.668293534768537,21.556218979993382,0,10
2390,189,2381,2390,20.35107688062822,20.93622871311638,20.45252015036768,21.419937275865077,20.668293534768537,21.419937275865077,0,10
2400,190,2391,2400,20.099596463196338,20.831649681876375,20.379181752662756,21.284117611089993,20.668293534768537,21.284117611089993,0,10
2410,191,2401,2410,22.217815418189048,20.985668097022227,20.559077242333714,21.41225895171074,20.668293534768537,21.284117611089993,0,10
2420,192,2411,2420,21.90808821902116,21.07791010922212,20.673210490278034,21.482609728166207,20.673210490278034,21.284117611089993,0,10
2430,193,2421,2430,22.59976105381507,21.216260195094204,20.830394248549073,21.602126141639335,20.830394248549073,21.284117611089993,0,10
2440,194,2431,2440,21.945400736060904,21.27702190684143,20.907583389659063,21.646460424023797,20.907583389659063,21.284117611089993,0,10
2450,195,2441,2450,23.363536896358724,21.437523059881222,21.082578013675814,21.79246810608663,21.082578013675814,21.284117611089993,0,10
2460,196,2451,2460,22.57486437307552,21.518761725109385,21.176728120271783,21.86079532994699,21.176728120271783,21.284117611089993,0,10
2470,197,2461,2470,20.940776354867847,21.480229367093283,21.149793511922685,21.810665222263882,21.176728120271783,21.284117611089993,0,10
2480,198,2471,2480,22.05797933333081,21.51633873998313,21.196395598966745,21.836281880999515,21.196395598966745,21.284117611089993,0,10
2490,199,2481,2490,23.071021824723992,21.607790686144355,21.29740024741437,21.91818112487434,21.29740024741437,21.284117611089993,1,10
2500,200,2491,2500,23.062365493806347,23.06669365926517,22.161757800837933,23.971629517692406,22.161757800837933,23.971629517692406,0,11
2510,201,2501,2510,25.55344485203814,23.895610723522825,23.156733689158088,24.634487757887563,23.156733689158088,23.971629517692406,0,11
2520,202,2511,2520,24.694435578657554,24.095316937306507,23.455430655273737,24.735203219339276,23.455430655273737,23.971629517692406,0,11
2530,203,2521,2530,24.551222483592994,24.186498046563806,23.614166356765857,24.758829736361754,23.614166356765857,23.971629517692406,0,11
2540,204,2531,2540,24.422846982539,24.225889535893003,23.70342457443069,24.748354497355315,23.70342457443069,23.971629517692406,0,11
2550,205,2541,2550,24.82534222035818,24.311525633673742,23.827817070925043,24.79523419642244,23.827817070925043,23.971629517692406,0,11
2560,206,2551,2560,23.116502454918795,24.162147736329374,23.709679807115755,24.614615665542992,23.827817070925043,23.971629517692406,0,11
2570,207,2561,2570,25.528834091583434,24.314001775802048,23.887410921113535,24.74059263049056,23.887410921113535,23.971629517692406,0,11
2580,208,2571,2580,24.695364575356557,24.3521380557575,23.947438436813414,24.756837674701586,23.947438436813414,23.971629517692406,0,11
2590,209,2581,2590,25.314694720899148,24.43964320713401,24.05377726058888,24.825509153679143,24.05377726058888,23.971629517692406,1,11
2600,210,2591,2600,24.730036163432146,25.022365442165647,24.11742958373841,25.927301300592884,24.11742958373841,25.927301300592884,0,12
2610,211,2601,2610,25.98719114651619,25.343974010282494,24.605096975917757,26.08285104464723,24.605096975917757,25.927301300592884,0,12
2620,212,2611,2620,25.598605964547534,25.407631998848753,24.767745716815984,26.047518280881523,24.767745716815984,25.927301300592884,0,12
2630,213,2621,2630,26.815787804723932,25.689263160023792,25.116931470225843,26.26159484982174,25.116931470225843,25.927301300592884,0,12
2640,214,2631,2640,26.176938781636505,25.770542430292576,25.248077468830264,26.293007391754887,25.248077468830264,25.927301300592884,0,12
2650,215,2641,2650,26.493382167288008,25.873805249863352,25.390096687114653,26.35751381261205,25.390096687114653,25.927301300592884,0,12
2660,216,2651,2660,25.83419220109858,25.868853618767755,25.416385689554136,26.321321547981373,25.416385689554136,25.927301300592884,0,12
2670,217,2661,2670,25.504560719597123,25.828376629971018,25.401785775282505,26.25496748465953,25.416385689554136,25.927301300592884,0,12
2680,218,2671,2680,26.90605378425562,25.936144345399477,25.53144472645539,26.340843964343563,25.53144472645539,25.927301300592884,0,12
2690,219,2681,2690,25.401351247932663,25.887526791084312,25.50166084453918,26.273392737629443,25.53144472645539,25.927301300592884,0,12
2700,220,2691,2700,26.263649640719024,25.9188703618872,25.549431844704834,26.288308879069568,25.549431844704834,25.927301300592884,0,12
2710,221,2701,2710,27.98954923788679,26.078153352348707,25.7232083061433,26.433098398554115,25.7232083061433,25.927301300592884,0,12
2720,222,2711,2720,28.131123401039343,26.224794070112324,25.88276046527472,26.566827674949927,25.88276046527472,25.927301300592884,0,12
2730,223,2721,2730,27.64875990455685,26.31972512574196,25.989289270571362,26.65016098091256,25.989289270571362,25.927301300592884,1,12
2740,224,2731,2740,27.681129309564433,27.66494460706064,26.760008748633403,28.569880465487877,26.760008748633403,28.569880465487877,0,13
2750,225,2741,2750,29.08225064521677,28.137379953112685,27.398502918747948,28.876256987477422,27.398502918747948,28.569880465487877,0,13
2760,226,2751,2760,27.920953075469857,28.083273233701977,27.443386951669208,28.723159515734746,27.443386951669208,28.569880465487877,0,13
2770,227,2761,2770,27.61655420404416,27.989929427770413,27.417597737972464,28.56226111756836,27.443386951669208,28.56226111756836,0,13
2780,228,2771,2780,29.399774723555527,28.224903643734603,27.70243868227229,28.747368605196915,27.70243868227229,28.56226111756836,0,13
2790,229,2781,2790,28.281568891804973,28.232998679173225,27.749290116424525,28.716707241921924,27.749290116424525,28.56226111756836,0,13
2800,230,2791,2800,28.45156064885311,28.26031892538321,27.80785099616959,28.71278685459683,27.80785099616959,28.56226111756836,0,13
2810,231,2801,2810,30.23224654401895,28.479421994120514,28.052831139432,28.906012848809027,28.052831139432,28.56226111756836,0,13
2820,232,2811,2820,29.102372631697314,28.541717057878195,28.13701743893411,28.94641667682228,28.13701743893411,28.56226111756836,0,13
2830,233,2821,2830,30.985400905560073,28.763870134940188,28.378004188395057,29.14973608148532,28.378004188395057,28.56226111756836,0,13
2840,234,2831,2840,30.423705526390012,28.902189750894337,28.53275123371197,29.271628268076704,28.53275123371197,28.56226111756836,0,13
2850,235,2841,2850,30.083197723254194,28.99303651799894,28.638091471793533,29.34798156420435,28.638091471793533,28.56226111756836,1,13
2860,236,2851,2860,31.223492133652304,30.65334492845325,29.748409070026014,31.558280786880488,29.748409070026014,31.362970287319733,0,14
2870,237,2861,2870,29.922862550365227,30.409850802423907,29.67097376805917,31.148727836788645,29.748409070026014,31.148727836788645,0,14
2880,238,2871,2880,28.64073511172853,29.967571879750064,29.327685597717295,30.607458161782834,29.748409070026014,30.607458161782834,0,14
2890,239,2881,2890,30.926337340306425,30.159324971861338,29.58699328206339,30.731656661659287,29.748409070026014,30.607458161782834,0,14
2900,240,2891,2900,29.693805802949605,30.081738443709384,29.55927348224707,30.604203405171695,29.748409070026014,30.604203405171695,0,14
2910,241,2901,2910,32.24615188771262,30.390940364281274,29.907231801532575,30.874648927029973,29.907231801532575,30.604203405171695,0,14
2920,242,2911,2920,33.10714612099183,30.73046608387009,30.277998154656473,31.18293401308371,30.277998154656473,30.604203405171695,0,14
2930,243,2921,2930,31.895154152468884,30.859875869269956,30.433285014581443,31.28646672395847,30.433285014581443,30.604203405171695,0,14
2940,244,2931,2940,31.219020074657475,30.89579028980871,30.491090670864622,31.300489908752795,30.491090670864622,30.604203405171695,0,14
2950,245,2941,2950,33.30884572627207,31.11515896585083,30.7292930193057,31.501024912395962,30.7292930193057,30.604203405171695,1,14
2960,246,2951,2960,31.503470235743965,32.406157981008015,31.501222122580778,33.31109383943525,32.02907316220653,33.31109383943525,0,15
2970,247,2961,2970,32.12128768765602,32.31120121655735,31.572324182192613,33.050078250922084,32.02907316220653,33.050078250922084,0,15
2980,248,2971,2980,32.4827834723908,32.35409678051571,31.71421049848294,32.99398306254848,32.02907316220653,32.99398306254848,0,15
2990,249,2981,2990,32.76803601559688,32.436884627531946,31.864552937733997,33.009216317329894,32.02907316220653,32.99398306254848,0,15
3000,250,2991,3000,33.024446211423786,32.534811558180586,32.012346596718274,33.0572765196429,32.02907316220653,32.99398306254848,0,15
3010,251,3001,3010,34.729996886564564,32.848409462235445,32.36470089948675,33.33211802498414,32.36470089948675,32.99398306254848,0,15
3020,252,3011,3020,34.96741264111934,33.11328485959593,32.66081693038231,33.56575278880955,32.66081693038231,32.99398306254848,0,15
3030,253,3021,3030,34.10535409734506,33.22351477490139,32.796923920212876,33.6501056295899,32.796923920212876,32.99398306254848,0,15
3040,254,3031,3040,34.453840066863975,33.34654730409765,32.94184768515356,33.751246923041734,32.94184768515356,32.99398306254848,0,15
3050,255,3041,3050,34.326743721856985,33.4356560693485,33.049790122803365,33.82152201589363,33.049790122803365,32.99398306254848,1,15
3060,256,3051,3060,34.07751347195442,34.2021285969057,33.297192738478465,35.10706445533294,33.297192738478465,35.10706445533294,0,16
3070,257,3061,3070,34.99546890014855,34.466575364653316,33.72769833028858,35.20545239901805,33.72769833028858,35.10706445533294,0,16
3080,258,3071,3080,34.39100065826161,34.44768168805539,33.80779540602262,35.08756797008816,33.80779540602262,35.08756797008816,0,16
3090,259,3081,3090,33.741510055906645,34.306447361625644,33.734115671827695,34.87877905142359,33.80779540602262,34.87877905142359,0,16
3100,260,3091,3100,34.989915173347605,34.4203586635793,33.89789370211699,34.94282362504161,33.89789370211699,34.87877905142359,0,16
3110,261,3101,3110,37.257662282425876,34.82568775198596,34.341979189237264,35.309396314734656,34.341979189237264,34.87877905142359,0,16
3120,262,3111,3120,36.87646014653617,35.08203430130473,34.62956637209111,35.53450223051835,34.62956637209111,34.87877905142359,0,16
3130,263,3121,3130,36.779776587273645,35.270672333079055,34.84408147839054,35.69726318776757,34.84408147839054,34.87877905142359,0,16
3140,264,3131,3140,36.603126573320495,35.4039177571032,34.999218138159115,35.80861737604729,34.999218138159115,34.87877905142359,1,16
3150,265,3141,3150,37.66191477090826,37.13252067211438,36.227584813687145,38.03745653054162,36.227584813687145,37.88289913738603,0,17
3160,266,3151,3160,37.10308510503213,37.1227088164203,36.383831782055566,37.86158585078503,36.383831782055566,37.86158585078503,0,17
3170,267,3161,3170,36.01435569575857,36.84562053625487,36.2057342542221,37.48550681828764,36.383831782055566,37.48550681828764,0,17
3180,268,3171,3180,36.73954230842753,36.8244048906894,36.25207320089145,37.39673658048735,36.383831782055566,37.39673658048735,0,17
3190,269,3181,3190,35.800484574059524,36.65375150458442,36.13128654312211,37.17621646604673,36.383831782055566,37.17621646604673,0,17
3200,270,3191,3200,35.80139099399479,36.53198571735733,36.048277154608634,37.015694280106025,36.383831782055566,37.015694280106025,0,17
3210,271,3201,3210,39.47816163362375,36.900257706890635,36.447789777677016,37.35272563610425,36.447789777677016,37.015694280106025,0,17
3220,272,3211,3220,39.07120726207229,37.14147432413304,36.71488346944453,37.568065178821556,36.71488346944453,37.015694280106025,0,17
3230,273,3221,3230,38.952784786213336,37.322605370341066,36.91790575139698,37.72730498928515,36.91790575139698,37.015694280106025,0,17
3240,274,3231,3240,39.305718047901244,37.50288834102835,37.11702239448322,37.888754287573484,37.11702239448322,37.015694280106025,1,17
3250,275,3241,3250,38.622465359031466,38.96409170346635,38.059155845039115,39.86902756189359,38.059155845039115,39.86902756189359,0,18
3260,276,3251,3260,39.33120149509209,39.086461634008266,38.34758459964353,39.825338668373,38.34758459964353,39.825338668373,0,18
3270,277,3261,3270,38.17325859835919,38.858160875096,38.21827459306323,39.49804715712877,38.34758459964353,39.49804715712877,0,18
3280,278,3271,3280,38.35199729690036,38.75692815945687,38.18459646965892,39.32925984925482,38.34758459964353,39.32925984925482,0,18
3290,279,3281,3290,39.09222717936669,38.812811329441836,38.290346367979524,39.33527629090415,38.34758459964353,39.32925984925482,0,18
3300,280,3291,3300,38.8564944592998,38.8190517765644,38.335343213815705,39.302760339313096,38.34758459964353,39.302760339313096,0,18
3310,281,3301,3310,42.820773862556635,39.31926703731343,38.86679910809981,39.77173496652705,38.86679910809981,39.302760339313096,0,18
3320,282,3311,3320,41.234363845996,39.532055571611494,39.10546471692298,39.95864642630001,39.10546471692298,39.302760339313096,0,18
3330,283,3321,3330,41.68682279394534,39.747532293844884,39.3428326749008,40.15223191278897,39.3428326749008,39.302760339313096,1,18
3340,284,3331,3340,40.70326327273946,41.1950430333424,40.290107174915164,42.09997889176964,40.4070502298798,42.09997889176964,0,19
3350,285,3341,3350,41.02804625817244,41.13937744161908,40.40050040725435,41.878254475983816,40.4070502298798,41.878254475983816,0,19
3360,286,3351,3360,40.439649239873035,40.964445391182565,40.324559109149796,41.604331673215334,40.4070502298798,41.604331673215334,0,19
3370,287,3361,3370,40.54903655087118,40.881363623120286,40.30903193332234,41.453695312918235,40.4070502298798,41.453695312918235,0,19
3380,288,3371,3380,40.731737119577325,40.85642587252979,40.33396091106748,41.3788908339921,40.4070502298798,41.3788908339921,0,19
3390,289,3381,3390,41.28976680073557,40.91833171941634,40.43462315666764,41.40204028216503,40.43462315666764,41.3788908339921,0,19
3400,290,3391,3400,40.09941201657557,40.81596675656124,40.36349882734762,41.26843468577486,40.43462315666764,41.26843468577486,0,19
3410,291,3401,3410,43.5688944921332,41.12184761606923,40.69525676138072,41.548438470757745,40.69525676138072,41.26843468577486,0,19
3420,292,3411,3420,43.01381732221476,41.31104458668379,40.906344967739706,41.71574420562788,40.906344967739706,41.26843468577486,0,19
3430,293,3421,3430,44.659807730725205,41.615477599778465,41.229611653233334,42.0013435463236,41.229611653233334,41.26843468577486,0,19
3440,294,3431,3440,43.77543960856592,41.795474433844085,41.42603591666172,42.16491295102645,41.42603591666172,41.26843468577486,1,19
3450,295,3441,3450,44.456219105840304,44.11582935720311,43.210893498775874,45.02076521563035,43.210893498775874,45.02076521563035,0,20
3460,296,3451,3460,43.81529970510972,44.01565280650531,43.276775772140574,44.75452984087004,43.276775772140574,44.75452984087004,0,20
3470,297,3461,3470,43.81920276151616,43.96654029525802,43.32665401322525,44.60642657729079,43.32665401322525,44.60642657729079,0,20
3480,298,3471,3480,43.07912524977704,43.78905728616182,43.21672559636387,44.36138897595977,43.32665401322525,44.36138897595977,0,20
3490,299,3481,3490,45.01174103828735,43.992837911516084,43.47037295005377,44.515302872978395,43.47037295005377,44.36138897595977,0,20
3500,300,3491,3500,43.846393448018226,43.97191727387353,43.488208711124834,44.455625836622225,43.488208711124834,44.36138897595977,0,20
3510,301,3501,3510,46.86065606049229,44.333009622200876,43.88054169298726,44.785477551414495,43.88054169298726,44.36138897595977,0,20
3520,302,3511,3520,45.987156067245614,44.516803671650294,44.09021281696178,44.94339452633881,44.09021281696178,44.36138897595977,0,20
3530,303,3521,3530,46.010187461320605,44.666142050617324,44.26144243167324,45.07084166956141,44.26144243167324,44.36138897595977,0,20
3540,304,3531,3540,46.182301552761466,44.80397473263043,44.4181087860853,45.18984067917556,44.4181087860853,44.36138897595977,1,20
3550,305,3541,3550,46.66425230334519,46.423276928053326,45.51834106962609,47.32821278648056,45.51834106962609,47.32821278648056,0,21
3560,306,3551,3560,45.78357667090208,46.21004350900291,45.471166474638174,46.94892054336764,45.51834106962609,46.94892054336764,0,21
3570,307,3561,3570,46.67325956950623,46.32584752412874,45.68596124209597,46.96573380616151,45.68596124209597,46.94892054336764,0,21
3580,308,3571,3580,46.14030415126051,46.28873884955509,45.71640715975714,46.86107053935304,45.71640715975714,46.86107053935304,0,21
3590,309,3581,3590,46.845728601950405,46.38157047495431,45.859105513492,46.90403543641662,45.859105513492,46.86107053935304,0,21
3600,310,3591,3600,46.77980394964902,46.43846097133927,45.95475240859057,46.92216953408796,45.95475240859057,46.86107053935304,0,21
3610,311,3601,3610,49.32979095544148,46.79987721935204,46.34740929013842,47.25234514856566,46.34740929013842,46.86107053935304,0,21
3620,312,3611,3620,48.85332465808506,47.028038045877935,46.60144719118942,47.45462890056645,46.60144719118942,46.86107053935304,0,21
3630,313,3621,3630,48.85529978320888,47.21076421961102,46.806064600666936,47.61546383855511,46.806064600666936,46.86107053935304,0,21
3640,314,3631,3640,49.00270878182249,47.37366827072116,46.98780232417603,47.75953421726629,46.98780232417603,46.86107053935304,1,21
3650,315,3641,3650,48.450318284061765,48.72651353294213,47.82157767451489,49.631449391369365,47.82157767451489,49.631449391369365,0,22
3660,316,3651,3660,49.878259925936746,49.110428997273665,48.37155196290893,49.8493060316384,48.37155196290893,49.631449391369365,0,22
3670,317,3661,3670,48.16799793204554,48.87482123096663,48.23493494893386,49.5147075129994,48.37155196290893,49.5147075129994,0,22
3680,318,3671,3680,48.608781723473975,48.8216133294681,48.24928163967015,49.39394501926605,48.37155196290893,49.39394501926605,0,22
3690,319,3681,3690,48.16856789276083,48.71277242335022,48.19030746188791,49.235237384812535,48.37155196290893,49.235237384812535,0,22
3700,320,3691,3700,48.953023250588345,48.747093970098526,48.26338540734983,49.23080253284722,48.37155196290893,49.23080253284722,0,22
3710,321,3701,3710,50.855829821766996,49.01068595155708,48.55821802234346,49.4631538807707,48.55821802234346,49.23080253284722,0,22
3720,322,3711,3720,51.444686285183344,49.28113043307111,48.8545395783826,49.707721287759625,48.8545395783826,49.23080253284722,0,22
3730,323,3721,3730,52.323818733431075,49.58539926310711,49.18069964416302,49.99009888205119,49.18069964416302,49.23080253284722,0,22
3740,324,3731,3740,51.83633714058317,49.79002997924129,49.40416403269616,50.17589592578642,49.40416403269616,49.23080253284722,1,22
3750,325,3741,3750,50.83395117418864,51.335144157385905,50.43020829895867,52.24008001581314,50.55656457651763,52.24008001581314,0,23
3760,326,3751,3760,51.22057268856828,51.29695366778003,50.5580766334153,52.035830702144764,50.5580766334153,52.035830702144764,0,23
3770,327,3761,3770,51.90339923264455,51.44856505899616,50.80867877696339,52.08845134102893,50.80867877696339,52.035830702144764,0,23
3780,328,3771,3780,51.22206514958375,51.40326507711368,50.83093338731573,51.97559676691163,50.83093338731573,51.97559676691163,0,23
3790,329,3781,3790,50.965570518597644,51.33031598402767,50.80785102256536,51.85278094548998,50.83093338731573,51.85278094548998,0,23
3800,330,3791,3800,51.12719013531872,51.301298005640675,50.81758944289198,51.78500656838937,50.83093338731573,51.78500656838937,0,23
3810,331,3801,3810,53.70654563812154,51.601953959700786,51.14948603048717,52.054421888914405,51.14948603048717,51.78500656838937,0,23
3820,332,3811,3820,54.28226455669618,51.89976624825583,51.47317539356732,52.32635710294434,51.47317539356732,51.78500656838937,0,23
3830,333,3821,3830,54.811874890834204,52.190977112513664,51.78627749356958,52.59567673145775,51.78627749356958,51.78500656838937,1,23
3840,334,3831,3840,54.35061226027209,54.581243575553145,53.67630771712591,55.48617943398038,53.67630771712591,55.48617943398038,0,24
3850,335,3841,3850,53.8752997001313,54.345928950412535,53.6070519160478,55.08480598477727,53.67630771712591,55.08480598477727,0,24
3860,336,3851,3860,53.38872710823881,54.1066284898691,53.46674220783633,54.74651477190187,53.67630771712591,54.74651477190187,0,24
3870,337,3861,3870,54.053978661517036,54.096098524198695,53.523766834400746,54.66843021399664,53.67630771712591,54.66843021399664,0,24
3880,338,3871,3880,53.563298540373296,54.00729852689446,53.48483356543215,54.52976348835677,53.67630771712591,54.52976348835677,0,24
3890,339,3881,3890,53.93299699701483,53.996684022625935,53.51297545987724,54.48039258537463,53.67630771712591,54.48039258537463,0,24
3900,340,3891,3900,52.75523373683909,53.841502736902584,53.389034807688965,54.2939706661162,53.67630771712591,54.2939706661162,0,24
3910,341,3901,3910,56.82130105080425,54.17259143844721,53.7460005837587,54.599182293135726,53.7460005837587,54.2939706661162,0,24
3920,342,3911,3920,56.19482369962621,54.37481466456511,53.97011504562102,54.779514283509194,53.97011504562102,54.2939706661162,0,24
3930,343,3921,3930,57.01079318723989,54.61444907571736,54.22858312917223,55.00031502226249,54.22858312917223,54.2939706661162,0,24
3940,344,3931,3940,57.00768190883209,54.81388514514359,54.44444662796122,55.183323662325954,54.44444662796122,54.2939706661162,1,24
3950,345,3941,3950,57.226919895813765,57.117300902322924,56.21236504389569,58.02223676075016,56.21236504389569,58.02223676075016,0,25
3960,346,3951,3960,56.500859862085065,56.91182055557697,56.17294352121224,57.65069758994171,56.21236504389569,57.65069758994171,0,25
3970,347,3961,3970,56.64276143719834,56.844555775982315,56.204669493949545,57.484442058015084,56.21236504389569,57.484442058015084,0,25
3980,348,3971,3980,56.70009800837389,56.81566422246063,56.243332532662684,57.38799591225858,56.243332532662684,57.38799591225858,0,25
3990,349,3981,3990,56.453105663044674,56.755237795891304,56.23277283442899,57.277702757353616,56.243332532662684,57.277702757353616,0,25
4000,350,3991,4000,56.86935399461845,56.77154010999518,56.28783154724648,57.255248672743875,56.28783154724648,57.255248672743875,0,25
4010,351,4001,4010,60.18728628133094,57.198508381412154,56.746040452198535,57.65097631062577,56.746040452198535,57.255248672743875,0,25
4020,352,4011,4020,60.85683908552733,57.604989570758285,57.17839871606977,58.0315804254468,57.17839871606977,57.255248672743875,0,25
4030,353,4021,4030,58.893072712962805,57.73379788497873,57.32909826603464,58.138497503922814,57.32909826603464,57.255248672743875,1,25
4040,354,4031,4040,60.07919290052696,59.486132806744884,58.58119694831765,60.39106866517212,58.58119694831765,60.172845277028344,0,26
4050,355,4041,4050,58.92266463643324,59.29831008330766,58.55943304894293,60.037187117672396,58.58119694831765,60.037187117672396,0,26
4060,356,4051,4060,60.2840103491355,59.54473514976462,58.90484886773185,60.18462143179739,58.90484886773185,60.037187117672396,0,26
4070,357,4061,4070,59.663564831096,59.56850108603089,58.99616939623294,60.14083277582884,58.99616939623294,60.037187117672396,0,26
4080,358,4071,4080,58.3651634258146,59.36794480932818,58.84547984786587,59.89040977079049,58.99616939623294,59.89040977079049,0,26
4090,359,4081,4090,59.853471977799394,59.4373058333955,58.9535972706468,59.921014396144194,58.99616939623294,59.89040977079049,0,26
4100,360,4091,4100,59.89149229671894,59.49407914131093,59.04161121209731,59.946547070524545,59.04161121209731,59.89040977079049,0,26
4110,361,4101,4110,62.77702529138628,59.85885093576374,59.43226008107523,60.28544179045225,59.43226008107523,59.89040977079049,0,26
4120,362,4111,4120,63.40211618471888,60.21317746065925,59.80847784171517,60.61787707960334,59.80847784171517,59.89040977079049,0,26
4130,363,4121,4130,62.56455960223967,60.426939473530204,60.04107352698507,60.812805420075335,60.04107352698507,59.89040977079049,1,26
4140,364,4131,4140,62.52320840057304,62.543884001406354,61.63894814297912,63.44881985983359,61.63894814297912,63.44881985983359,0,27
4150,365,4141,4150,63.15656820525678,62.748112069356495,62.00923503499176,63.48698910372123,62.00923503499176,63.44881985983359,0,27
4160,366,4151,4160,62.59566489865972,62.7100002766823,62.07011399464953,63.34988655871507,62.07011399464953,63.34988655871507,0,27
4170,367,4161,4170,61.929456453388255,62.5538915120235,61.98155982222555,63.126223201821446,62.07011399464953,63.126223201821446,0,27
4180,368,4171,4180,62.83001255739568,62.59991168625219,62.07744672478988,63.1223766477145,62.07744672478988,63.1223766477145,0,27
4190,369,4181,4190,62.568442777820295,62.59541612790478,62.11170756515608,63.07912469065347,62.11170756515608,63.07912469065347,0,27
4200,370,4191,4200,62.974833350963195,62.642843280787076,62.19037535157346,63.095311210000695,62.19037535157346,63.07912469065347,0,27
4210,371,4201,4210,65.63289151273594,62.97507086211473,62.548480007426214,63.40166171680324,62.548480007426214,63.07912469065347,0,27
4220,372,4211,4220,66.62362686570137,63.339926462473386,62.9352268435293,63.74462608141747,62.9352268435293,63.07912469065347,0,27
4230,373,4221,4230,66.77673587423506,63.65236368172445,63.26649773517932,64.03822962826959,63.26649773517932,63.07912469065347,1,27
4240,374,4231,4240,66.42704233317198,66.60188910370351,65.69695324527628,67.50682496213075,65.69695324527628,67.50682496213075,0,28
4250,375,4241,4250,65.45537217784572,66.21971679508425,65.48083976071952,66.95859382944899,65.69695324527628,66.95859382944899,0,28
4260,376,4251,4260,65.26561270585292,65.98119077277642,65.34130449074365,66.62107705480918,65.69695324527628,66.62107705480918,0,28
4270,377,4261,4270,65.78873142501597,65.94269890322433,65.37036721342638,66.51503059302227,65.69695324527628,66.51503059302227,0,28
4280,378,4271,4280,65.91155811493529,65.93750877184281,65.41504381038051,66.45997373330512,65.69695324527628,66.45997373330512,0,28
4290,379,4281,4290,65.35003175142491,65.8535834832117,65.36987492046299,66.3372920459604,65.69695324527628,66.3372920459604,0,28
4300,380,4291,4300,65.27337329184184,65.78105720929045,65.32858928007683,66.23352513850408,65.69695324527628,66.23352513850408,0,28
4310,381,4301,4310,69.38020183327623,66.1809621675111,65.75437131282258,66.60755302219961,65.75437131282258,66.23352513850408,0,28
4320,382,4311,4320,68.46054780346078,66.40892073110606,66.00422111216199,66.81362035005014,66.00422111216199,66.23352513850408,0,28
4330,383,4321,4330,68.76514136927344,66.6231226073031,66.23725666075796,67.00898855384824,66.23725666075796,66.23352513850408,1,28
4340,384,4331,4340,68.75616734621299,68.76065435774322,67.85571849931598,69.66559021617046,67.85571849931598,69.66559021617046,0,29
4350,385,4341,4350,67.91038721003714,68.47723197517452,67.73835494080978,69.21610900953925,67.85571849931598,69.21610900953925,0,29
4360,386,4351,4360,68.24841343179506,68.42002733932966,67.7801410572969,69.05991362136243,67.85571849931598,69.05991362136243,0,29
4370,387,4361,4370,68.78647314748822,68.49331650096137,67.92098481116342,69.06564819075932,67.92098481116342,69.05991362136243,0,29
4380,388,4371,4380,67.61747878368794,68.34734354808246,67.82487858662016,68.86980850954477,67.92098481116342,68.86980850954477,0,29
4390,389,4381,4390,69.09198176817719,68.45372043666744,67.97001187391874,68.93742899941614,67.97001187391874,68.86980850954477,0,29
4400,390,4391,4400,68.48279526506354,68.45735479021695,68.00488686100333,68.90982271943058,68.00488686100333,68.86980850954477,0,29
4410,391,4401,4410,71.66847336339137,68.8141457427919,68.38755488810338,69.2407365974804,68.38755488810338,68.86980850954477,0,29
4420,392,4411,4420,71.88637916536447,69.12136908504915,68.71666946610507,69.52606870399323,68.71666946610507,68.86980850954477,0,29
4430,393,4421,4430,71.8863801628449,69.37273372848513,68.98686778193999,69.75859967503027,68.98686778193999,68.86980850954477,1,29
4440,394,4431,4440,71.74096974663993,71.81367495474242,70.90873909631519,72.71861081316966,70.90873909631519,72.71861081316966,0,30
4450,395,4441,4450,70.87857221569297,71.50197404172594,70.76309700736121,72.24085107609068,70.90873909631519,72.24085107609068,0,30
4460,396,4451,4460,72.15631759330441,71.66555992962056,71.0256736475878,72.30544621165332,71.0256736475878,72.24085107609068,0,30
4470,397,4461,4470,72.04240691466771,71.74092932662998,71.16859763683203,72.31326101642793,71.16859763683203,72.24085107609068,0,30
4480,398,4471,4480,72.32654136018236,71.83853133222205,71.31606637075974,72.36099629368435,71.31606637075974,72.24085107609068,0,30
4490,399,4481,4490,72.24684702682455,71.89686214573669,71.41315358298799,72.3805707084854,71.41315358298799,72.24085107609068,0,30
4500,400,4491,4500,70.95186015761199,71.77873689722111,71.32626896800748,72.23120482643473,71.41315358298799,72.23120482643473,0,30
4510,401,4501,4510,75.22852662314195,72.16204686676787,71.73545601207935,72.58863772145638,71.73545601207935,72.23120482643473,0,30
4520,402,4511,4520,75.21206819940711,72.46704900003179,72.06234938108771,72.87174861897587,72.06234938108771,72.23120482643473,0,30
4530,403,4521,4530,74.27226104873135,72.63115918627722,72.24529323973208,73.01702513282235,72.24529323973208,72.23120482643473,1,30
4540,404,4531,4540,75.41181312006945,74.8420370844004,73.93710122597317,75.74697294282764,73.93710122597317,75.55203361279689,0,31
4550,405,4541,4550,74.41094854267027,74.69834090382369,73.95946386945896,75.43721793818843,73.95946386945896,75.43721793818843,0,31
4560,406,4551,4560,75.83082909342247,74.98146295122339,74.34157666919063,75.62134923325615,74.34157666919063,75.43721793818843,0,31
4570,407,4561,4570,74.2229743821312,74.82976523740496,74.25743354760701,75.4020969272029,74.34157666919063,75.4020969272029,0,31
4580,408,4571,4580,75.44571886176293,74.93242417479796,74.40995921333565,75.45488913626026,74.40995921333565,75.4020969272029,0,31
4590,409,4581,4590,75.75861377579801,75.05045126065511,74.5667426979064,75.53415982340381,74.5667426979064,75.4020969272029,0,31
4600,410,4591,4600,75.31182452741677,75.08312291900032,74.63065498978669,75.53559084821394,74.63065498978669,75.4020969272029,0,31
4610,411,4601,4610,79.06947991260795,75.5260514738456,75.09946061915709,75.95264232853411,75.09946061915709,75.4020969272029,0,31
4620,412,4611,4620,77.74241012032068,75.74768733849311,75.34298771954903,76.15238695743719,75.34298771954903,75.4020969272029,0,31
4630,413,4621,4630,79.17379134608862,76.0591513391836,75.67328539263846,76.44501728572874,75.67328539263846,75.4020969272029,1,31
4640,414,4631,4640,76.05123865611907,77.61251500110384,76.70757914267661,78.51745085953108,77.89401878202308,78.51745085953108,0,32
4650,415,4641,4650,78.3239821004876,77.84967070089843,77.1107936665337,78.58854773526316,77.89401878202308,78.51745085953108,0,32
4660,416,4651,4660,78.09693343419572,77.91148638422275,77.27160010218999,78.55137266625552,77.89401878202308,78.51745085953108,0,32
4670,417,4661,4670,78.742531404206,78.0776953882194,77.50536369842145,78.65002707801735,77.89401878202308,78.51745085953108,0,32
4680,418,4671,4680,78.44597160131381,78.13907475706847,77.61660979560617,78.66153971853078,77.89401878202308,78.51745085953108,0,32
4690,419,4681,4690,77.22305646834165,78.00821500153607,77.52450643878737,78.49192356428478,77.89401878202308,78.49192356428478,0,32
4700,420,4691,4700,78.59794396647216,78.08193112215308,77.62946319293945,78.5343990513667,77.89401878202308,78.49192356428478,0,32
4710,421,4701,4710,81.93000607816393,78.50949500615428,78.08290415146577,78.9360858608428,78.08290415146577,78.49192356428478,0,32
4720,422,4711,4720,81.91919414819006,78.85046492035787,78.44576530141379,79.25516453930194,78.44576530141379,78.49192356428478,0,32
4730,423,4721,4730,80.84551107601834,79.03183275269065,78.64596680614551,79.41769869923579,78.64596680614551,78.49192356428478,1,32
4740,424,4731,4740,81.40950678146326,81.12750892874081,80.22257307031357,82.03244478716805,80.22257307031357,82.03244478716805,0,33
4750,425,4741,4750,81.68217736345355,81.31239840697839,80.57352137261365,82.05127544134312,80.57352137261365,82.03244478716805,0,33
4760,426,4751,4760,81.44979302158075,81.34674706062899,80.70686077859622,81.98663334266175,80.70686077859622,81.98663334266175,0,33
4770,427,4761,4770,82.32391481428844,81.54218061136088,80.96984892156293,82.11451230115883,80.96984892156293,81.98663334266175,0,33
4780,428,4771,4780,81.06999148881172,81.46348242426934,80.94101746280704,81.98594738573165,80.96984892156293,81.98594738573165,0,33
4790,429,4781,4790,81.03863070995365,81.40278932222425,80.91908075947555,81.88649788497295,80.96984892156293,81.88649788497295,0,33
4800,430,4791,4800,81.64021287030462,81.43246726573429,80.97999933652066,81.88493519494791,80.97999933652066,81.88493519494791,0,33
4810,431,4801,4810,85.34661605959542,81.86737268727441,81.4407818325859,82.29396354196292,81.4407818325859,81.88493519494791,0,33
4820,432,4811,4820,84.70726765117709,82.15136218366467,81.7466625647206,82.55606180260875,81.7466625647206,81.88493519494791,0,33
4830,433,4821,4830,84.61755019607756,82.37556109388403,81.98969514733889,82.76142704042917,81.98969514733889,81.88493519494791,1,33
4840,434,4831,4840,83.0765863016733,83.84706824887543,82.9421323904482,84.75200410730267,83.33777763201202,84.75200410730267,0,34
4850,435,4841,4850,85.39041848317285,84.36151832697458,83.62264129260984,85.10039536133931,83.62264129260984,84.75200410730267,0,34
4860,436,4851,4860,84.48331826099911,84.3919683104807,83.75208202844794,85.03185459251347,83.75208202844794,84.75200410730267,0,34
4870,437,4861,4870,84.49488377099235,84.41255140258303,83.84021971278509,84.98488309238098,83.84021971278509,84.75200410730267,0,34
4880,438,4871,4880,84.95091936322584,84.5022793960235,83.97981443456119,85.0247443574858,83.97981443456119,84.75200410730267,0,34
4890,439,4881,4890,84.92146640603042,84.56216325459592,84.07845469184721,85.04587181734462,84.07845469184721,84.75200410730267,0,34
4900,440,4891,4900,84.93617152968856,84.60891428898249,84.15644635976886,85.06138221819612,84.15644635976886,84.75200410730267,0,34
4910,441,4901,4910,88.86707887061418,85.08204368694156,84.65545283225305,85.50863454163007,84.65545283225305,84.75200410730267,0,34
4920,442,4911,4920,87.928826610756,85.366721979323,84.96202236037892,85.77142159826708,84.96202236037892,84.75200410730267,1,34
4930,443,4921,4930,89.06709207920558,88.49795934498079,87.59302348655355,89.40289520340802,87.59302348655355,89.20859917482154,0,35
4940,444,4931,4940,88.6070943891442,88.53433769303525,87.79546065867052,89.27321472739999,87.79546065867052,89.20859917482154,0,35
4950,445,4941,4950,89.06210712034547,88.66628004986282,88.02639376783006,89.30616633189558,88.02639376783006,89.20859917482154,0,35
4960,446,4951,4960,88.5212661077302,88.6372772614363,88.06494557163835,89.20960895123424,88.06494557163835,89.20859917482154,0,35
4970,447,4961,4970,87.84093760780381,88.50455398583087,87.98208902436856,89.02701894729317,88.06494557163835,89.02701894729317,0,35
4980,448,4971,4980,87.87669363371971,88.41485964981499,87.93115108706628,88.89856821256369,88.06494557163835,88.89856821256369,0,35
4990,449,4981,4990,88.63260949549866,88.44207838052544,87.98961045131182,88.89454630973907,88.06494557163835,88.89454630973907,0,35
5000,450,4991,5000,88.38269711857394,88.43548046253083,88.00888960784232,88.86207131721935,88.06494557163835,88.86207131721935,0,35
