shift_time,detection_time,detected,recognition_capability_index
501,,False,
601,,False,
701,,False,
801,,False,
901,,False,
1001,,False,
1101,,False,
1201,1232.0,True,31.0
1301,,False,
1401,,False,
1501,,False,
1601,,False,
1701,,False,
1801,,False,
1901,,False,
2001,,False,
2101,,False,
2201,,False,
2301,,False,
2401,,False,
2501,,False,
2601,,False,
2701,,False,
2801,,False,
2901,,False,
3001,,False,
3101,,False,
3201,,False,
3301,,False,
3401,,False,
3501,,False,
3601,,False,
3701,,False,
3801,,False,
3901,3907.0,True,6.0
4001,4014.0,True,13.0
4101,,False,
4201,4212.0,True,11.0
4301,4311.0,True,10.0
4401,,False,
4501,4511.0,True,10.0
4601,4649.0,True,48.0
4701,,False,
4801,,False,
4901,,False,
