dataset,subject,evaluation_scope,method,training_trials,calibration_trials,testing_trials,correct_predictions,accuracy,fit_seconds,predict_seconds,requested_estimators,fitted_estimators,sample_fraction,mean_member_disagreement
2A,A01,Session II,single_linear_svm,144,0,144,129,0.8958333333333334,0.010550999999395572,0.0003614000015659258,1,1,1.0,0.0
2A,A01,Session II,bagged_linear_svm,144,0,144,130,0.9027777777777778,0.02816329999768641,0.0071094000013545156,30,30,0.8,0.02685185185185185
2B,B01,Session III (GDF-only holdout),single_linear_svm,240,0,160,124,0.775,0.002034699995419942,0.0004901000065729022,1,1,1.0,0.0
2B,B01,Session III (GDF-only holdout),bagged_linear_svm,240,0,160,121,0.75625,0.06136200000764802,0.016390200005844235,30,30,0.8,0.0925
2A,A02,Session II,single_linear_svm,144,0,144,91,0.6319444444444444,0.0021204999939072877,0.0004499000060604885,1,1,1.0,0.0
2A,A02,Session II,bagged_linear_svm,144,0,144,93,0.6458333333333334,0.047897899989038706,0.013128800012054853,30,30,0.8,0.10300925925925924
2B,B02,Session III (GDF-only holdout),single_linear_svm,240,0,160,93,0.58125,0.00235870000324212,0.0006656999903498217,1,1,1.0,0.0
2B,B02,Session III (GDF-only holdout),bagged_linear_svm,240,0,160,94,0.5875,0.05087449999700766,0.016052099992521107,30,30,0.8,0.19208333333333333
2A,A03,Session II,single_linear_svm,144,0,144,131,0.9097222222222222,0.001239799996255897,0.00020939999376423657,1,1,1.0,0.0
2A,A03,Session II,bagged_linear_svm,144,0,144,132,0.9166666666666666,0.03767669999797363,0.006270600002608262,30,30,0.8,0.04675925925925926
2B,B03,Session III (GDF-only holdout),single_linear_svm,240,0,160,88,0.55,0.0034063000057358295,0.0009474999969825149,1,1,1.0,0.0
2B,B03,Session III (GDF-only holdout),bagged_linear_svm,240,0,160,89,0.55625,0.07922400000097696,0.02662879999843426,30,30,0.8,0.13791666666666666
2A,A04,Session II,single_linear_svm,144,0,144,92,0.6388888888888888,0.0014449000009335577,0.0002631000097608194,1,1,1.0,0.0
2A,A04,Session II,bagged_linear_svm,144,0,144,91,0.6319444444444444,0.041579800003091805,0.007825700013199821,30,30,0.8,0.08796296296296297
2B,B04,Session III (GDF-only holdout),single_linear_svm,260,0,160,157,0.98125,0.006882799993036315,0.0014513999922201037,1,1,1.0,0.0
2B,B04,Session III (GDF-only holdout),bagged_linear_svm,260,0,160,157,0.98125,0.0594658000045456,0.015289900009520352,30,30,0.8,0.014791666666666667
2A,A05,Session II,single_linear_svm,144,0,144,93,0.6458333333333334,0.0016461000050185248,0.000301199994282797,1,1,1.0,0.0
2A,A05,Session II,bagged_linear_svm,144,0,144,89,0.6180555555555556,0.030041299993172288,0.007465599992428906,30,30,0.8,0.09189814814814815
2B,B05,Session III (GDF-only holdout),single_linear_svm,260,0,160,133,0.83125,0.001796999989892356,0.0003800999984377995,1,1,1.0,0.0
2B,B05,Session III (GDF-only holdout),bagged_linear_svm,260,0,160,135,0.84375,0.04907989999628626,0.011689899998600595,30,30,0.8,0.060416666666666674
2A,A06,Session II,single_linear_svm,144,0,144,101,0.7013888888888888,0.0017380999925080687,0.00026280000747647136,1,1,1.0,0.0
2A,A06,Session II,bagged_linear_svm,144,0,144,101,0.7013888888888888,0.031361700006527826,0.007634199995663948,30,30,0.8,0.12291666666666666
2B,B06,Session III (GDF-only holdout),single_linear_svm,240,0,160,114,0.7125,0.0018670999997993931,0.00043390000064391643,1,1,1.0,0.0
2B,B06,Session III (GDF-only holdout),bagged_linear_svm,240,0,160,118,0.7375,0.04806470000767149,0.017185299991979264,30,30,0.8,0.09812499999999999
2A,A07,Session II,single_linear_svm,144,0,144,98,0.6805555555555556,0.0013914000010117888,0.0002998999989358708,1,1,1.0,0.0
2A,A07,Session II,bagged_linear_svm,144,0,144,99,0.6875,0.03657979999843519,0.009716399988974445,30,30,0.8,0.0824074074074074
2B,B07,Session III (GDF-only holdout),single_linear_svm,240,0,160,132,0.825,0.002262099995277822,0.0005138999986229464,1,1,1.0,0.0
2B,B07,Session III (GDF-only holdout),bagged_linear_svm,240,0,160,134,0.8375,0.06507620000047609,0.012130300005082972,30,30,0.8,0.090625
2A,A08,Session II,single_linear_svm,144,0,144,133,0.9236111111111112,0.0012897000124212354,0.00026359999901615083,1,1,1.0,0.0
2A,A08,Session II,bagged_linear_svm,144,0,144,132,0.9166666666666666,0.03876999999920372,0.006037300001480617,30,30,0.8,0.04490740740740741
2B,B08,Session III (GDF-only holdout),single_linear_svm,280,0,160,118,0.7375,0.0024129000084940344,0.0006655000033788383,1,1,1.0,0.0
2B,B08,Session III (GDF-only holdout),bagged_linear_svm,280,0,160,115,0.71875,0.07632789999479428,0.028429400001186877,30,30,0.8,0.11291666666666667
2A,A09,Session II,single_linear_svm,144,0,144,117,0.8125,0.001317000002018176,0.00022079999325796962,1,1,1.0,0.0
2A,A09,Session II,bagged_linear_svm,144,0,144,116,0.8055555555555556,0.03879560000495985,0.006439199991291389,30,30,0.8,0.05347222222222223
2B,B09,Session III (GDF-only holdout),single_linear_svm,240,0,160,119,0.74375,0.0018983000045409426,0.0004439999902388081,1,1,1.0,0.0
2B,B09,Session III (GDF-only holdout),bagged_linear_svm,240,0,160,123,0.76875,0.054317900008754805,0.012775200011674315,30,30,0.8,0.08270833333333333
