subject,lambda,training_trials,testing_trials,published_csw,computed_csw,csw_difference,published_csv,computed_csv,csv_difference,control_limit_multiplier,variance_update_mode,initial_half_width,mean_half_width,median_half_width,final_half_width,maximum_half_width,matches_published,absolute_csw_error,absolute_csv_error
B01,0.28,400,320,14,98,84,10,14,4,1.0,always,0.9387469746341032,0.8898647306158928,0.8567259668139113,0.7663461714903957,1.2214158426819757,False,84,4
B01,0.28,400,320,14,67,53,10,13,3,1.25,always,1.1734337182926289,1.1123309132698662,1.070907458517389,0.9579327143629947,1.5267698033524697,False,53,3
B01,0.28,400,320,14,42,28,10,8,-2,1.5,always,1.4081204619511547,1.3347970959238393,1.2850889502208669,1.1495192572355937,1.8321237640229635,False,28,2
B01,0.28,400,320,14,30,16,10,7,-3,1.645,always,1.5442387732730998,1.4638274818631438,1.4093142154088842,1.260639452101701,2.00922906121185,False,16,3
B01,0.28,400,320,14,17,3,10,5,-5,1.96,always,1.8399440702828422,1.7441348720071503,1.679182894955266,1.5020384961211757,2.3939750516566725,False,3,5
B01,0.28,400,320,14,17,3,10,5,-5,2.0,always,1.8774939492682063,1.7797294612317855,1.7134519336278227,1.5326923429807915,2.4428316853639513,False,3,5
B01,0.28,400,320,14,9,-5,10,3,-7,2.25,always,2.112180692926732,2.002195643885759,1.9276334253313003,1.7242788858533904,2.7481856460344454,False,5,7
B01,0.28,400,320,14,7,-7,10,2,-8,2.5,always,2.3468674365852578,2.2246618265397324,2.141814917034778,1.9158654287259893,3.0535396067049394,False,7,8
B01,0.28,400,320,14,1,-13,10,0,-10,3.0,always,2.8162409239023094,2.6695941918476787,2.5701779004417338,2.2990385144711873,3.664247528045927,False,13,10
B01,0.28,400,320,14,84,70,10,15,5,1.0,frozen,0.9387469746341032,0.9387469746341031,0.9387469746341032,0.9387469746341032,0.9387469746341032,False,70,5
B01,0.28,400,320,14,58,44,10,12,2,1.25,frozen,1.1734337182926289,1.1734337182926287,1.1734337182926289,1.1734337182926289,1.1734337182926289,False,44,2
B01,0.28,400,320,14,33,19,10,9,-1,1.5,frozen,1.4081204619511547,1.4081204619511547,1.4081204619511547,1.4081204619511547,1.4081204619511547,False,19,1
B01,0.28,400,320,14,24,10,10,6,-4,1.645,frozen,1.5442387732730998,1.5442387732731,1.5442387732730998,1.5442387732730998,1.5442387732730998,False,10,4
B01,0.28,400,320,14,11,-3,10,4,-6,1.96,frozen,1.8399440702828422,1.8399440702828422,1.8399440702828422,1.8399440702828422,1.8399440702828422,False,3,6
B01,0.28,400,320,14,11,-3,10,4,-6,2.0,frozen,1.8774939492682063,1.8774939492682061,1.8774939492682063,1.8774939492682063,1.8774939492682063,False,3,6
B01,0.28,400,320,14,7,-7,10,3,-7,2.25,frozen,2.112180692926732,2.112180692926732,2.112180692926732,2.112180692926732,2.112180692926732,False,7,7
B01,0.28,400,320,14,5,-9,10,1,-9,2.5,frozen,2.3468674365852578,2.3468674365852573,2.3468674365852578,2.3468674365852578,2.3468674365852578,False,9,9
B01,0.28,400,320,14,1,-13,10,1,-9,3.0,frozen,2.8162409239023094,2.8162409239023094,2.8162409239023094,2.8162409239023094,2.8162409239023094,False,13,9
B01,0.28,400,320,14,219,205,10,16,6,1.0,non_alarm,0.9387469746341032,0.37338368123791266,0.29599262112154123,0.1855017539028172,0.9387469746341032,False,205,6
B01,0.28,400,320,14,190,176,10,16,6,1.25,non_alarm,1.1734337182926289,0.49372017551152225,0.41527710246406546,0.2504507949169747,1.1734337182926289,False,176,6
B01,0.28,400,320,14,162,148,10,16,6,1.5,non_alarm,1.4081204619511547,0.6462386720518539,0.5662117777958285,0.38599648236305917,1.4081204619511547,False,148,6
B01,0.28,400,320,14,122,108,10,15,5,1.645,non_alarm,1.5442387732730998,0.8214344705195267,0.7258816096465257,0.6278918031798356,1.5442387732730998,False,108,5
B01,0.28,400,320,14,39,25,10,8,-2,1.96,non_alarm,1.8399440702828422,1.3576739772376527,1.300914609720099,1.2643349978463128,1.8399440702828422,False,25,2
B01,0.28,400,320,14,36,22,10,8,-2,2.0,non_alarm,1.8774939492682063,1.4028697190993535,1.3595358222454106,1.3174304129686107,1.8774939492682063,False,22,2
B01,0.28,400,320,14,16,2,10,6,-4,2.25,non_alarm,2.112180692926732,1.744376863181768,1.7538384865332457,1.4962624128482358,2.112180692926732,False,2,4
B01,0.28,400,320,14,9,-5,10,3,-7,2.5,non_alarm,2.3468674365852578,2.025165791657037,2.0300111607437263,1.7749853499917894,2.432178950552123,False,5,7
B01,0.28,400,320,14,2,-12,10,1,-9,3.0,non_alarm,2.8162409239023094,2.5998883516989393,2.548116629850181,2.2990362262644206,3.5211833542872073,False,12,9
B02,0.17,400,280,18,91,73,13,7,-6,1.0,always,0.47988098054389394,0.5008913062754858,0.5011139611130266,0.6199289243165209,0.663741814420809,False,73,6
B02,0.17,400,280,18,59,41,13,7,-6,1.25,always,0.5998512256798674,0.6261141328443574,0.6263924513912833,0.7749111553956511,0.8296772680260113,False,41,6
B02,0.17,400,280,18,34,16,13,7,-6,1.5,always,0.7198214708158409,0.7513369594132288,0.75167094166954,0.9298933864747814,0.9956127216312136,False,16,6
B02,0.17,400,280,18,26,8,13,7,-6,1.645,always,0.7894042129947055,0.8239661988231743,0.8243324660309288,1.019783080500677,1.091855284722231,False,8,6
B02,0.17,400,280,18,13,-5,13,7,-6,1.96,always,0.9405667218660321,0.9817469602999523,0.9821833637815323,1.215060691660381,1.3009339562647857,False,5,6
B02,0.17,400,280,18,12,-6,13,7,-6,2.0,always,0.9597619610877879,1.0017826125509717,1.0022279222260533,1.2398578486330418,1.327483628841618,False,6,6
B02,0.17,400,280,18,7,-11,13,6,-7,2.25,always,1.0797322062237613,1.127005439119843,1.12750641250431,1.394840079712172,1.4934190824468203,False,11,7
B02,0.17,400,280,18,5,-13,13,4,-9,2.5,always,1.1997024513597347,1.2522282656887147,1.2527849027825666,1.5498223107913023,1.6593545360520225,False,13,9
B02,0.17,400,280,18,3,-15,13,3,-10,3.0,always,1.4396429416316818,1.5026739188264575,1.50334188333908,1.8597867729495627,1.9912254432624272,False,15,10
B02,0.17,400,280,18,96,78,13,7,-6,1.0,frozen,0.47988098054389394,0.47988098054389383,0.47988098054389394,0.47988098054389394,0.47988098054389394,False,78,6
B02,0.17,400,280,18,70,52,13,7,-6,1.25,frozen,0.5998512256798674,0.5998512256798674,0.5998512256798674,0.5998512256798674,0.5998512256798674,False,52,6
B02,0.17,400,280,18,38,20,13,7,-6,1.5,frozen,0.7198214708158409,0.7198214708158409,0.7198214708158409,0.7198214708158409,0.7198214708158409,False,20,6
B02,0.17,400,280,18,27,9,13,6,-7,1.645,frozen,0.7894042129947055,0.7894042129947055,0.7894042129947055,0.7894042129947055,0.7894042129947055,False,9,7
B02,0.17,400,280,18,17,-1,13,6,-7,1.96,frozen,0.9405667218660321,0.9405667218660321,0.9405667218660321,0.9405667218660321,0.9405667218660321,False,1,7
B02,0.17,400,280,18,16,-2,13,6,-7,2.0,frozen,0.9597619610877879,0.9597619610877877,0.9597619610877879,0.9597619610877879,0.9597619610877879,False,2,7
B02,0.17,400,280,18,9,-9,13,5,-8,2.25,frozen,1.0797322062237613,1.0797322062237613,1.0797322062237613,1.0797322062237613,1.0797322062237613,False,9,8
B02,0.17,400,280,18,5,-13,13,5,-8,2.5,frozen,1.1997024513597347,1.1997024513597347,1.1997024513597347,1.1997024513597347,1.1997024513597347,False,13,8
B02,0.17,400,280,18,2,-16,13,2,-11,3.0,frozen,1.4396429416316818,1.4396429416316818,1.4396429416316818,1.4396429416316818,1.4396429416316818,False,16,11
B02,0.17,400,280,18,190,172,13,8,-5,1.0,non_alarm,0.47988098054389394,0.2076727432147675,0.17591195704445198,0.0963723767493906,0.47988098054389394,False,172,5
B02,0.17,400,280,18,157,139,13,7,-6,1.25,non_alarm,0.5998512256798674,0.2747361626201585,0.23749123436111058,0.13191932449863034,0.6046493388840743,False,139,6
B02,0.17,400,280,18,132,114,13,7,-6,1.5,non_alarm,0.7198214708158409,0.35846200259440275,0.3191066465618776,0.18475515499392178,0.7255792066608893,False,114,6
B02,0.17,400,280,18,104,86,13,7,-6,1.645,non_alarm,0.7894042129947055,0.45510092313739015,0.4000114641254122,0.2472670051209607,0.7957185299714419,False,86,6
B02,0.17,400,280,18,35,17,13,7,-6,1.96,non_alarm,0.9405667218660321,0.7569765860695258,0.7700675103913488,0.5758101907410934,0.9586191459896385,False,17,6
B02,0.17,400,280,18,32,14,13,7,-6,2.0,non_alarm,0.9597619610877879,0.7836141948608599,0.7904371713325328,0.6054518257572531,0.9781828020302433,False,14,6
B02,0.17,400,280,18,16,-2,13,6,-7,2.25,non_alarm,1.0797322062237613,0.972551569492528,0.9558020282177406,0.7727772933350703,1.2614342710118533,False,2,7
B02,0.17,400,280,18,8,-10,13,5,-8,2.5,non_alarm,1.1997024513597347,1.1329368127875785,1.0967024649175898,1.0617240031901534,1.4217818680899539,False,10,8
B02,0.17,400,280,18,4,-14,13,4,-9,3.0,non_alarm,1.4396429416316818,1.4088506458071461,1.3906129121497048,1.2754153753568718,1.8433130023982018,False,14,9
B03,0.6,400,320,19,100,81,12,9,-3,1.0,always,0.9121013263317485,0.8455973856848338,0.8257442662224826,0.7918119882633199,1.1865255892416042,False,81,3
B03,0.6,400,320,19,67,48,12,8,-4,1.25,always,1.1401266579146856,1.0569967321060425,1.0321803327781032,0.9897649853291499,1.4831569865520053,False,48,4
B03,0.6,400,320,19,43,24,12,8,-4,1.5,always,1.3681519894976226,1.2683960785272508,1.2386163993337238,1.1877179823949797,1.7797883838624062,False,24,4
B03,0.6,400,320,19,36,17,12,7,-5,1.645,always,1.5004066818157262,1.3910076994515517,1.3583493179359838,1.3025307206931613,1.9518345943024389,False,17,5
B03,0.6,400,320,19,18,-1,12,6,-6,1.96,always,1.787718599610227,1.6573708759422743,1.618458761796066,1.551951496996107,2.3255901549135443,False,1,6
B03,0.6,400,320,19,17,-2,12,6,-6,2.0,always,1.824202652663497,1.6911947713696676,1.6514885324449653,1.5836239765266398,2.3730511784832085,False,2,6
B03,0.6,400,320,19,12,-7,12,4,-8,2.25,always,2.052227984246434,1.9025941177908763,1.857924599000586,1.7815769735924698,2.6696825757936096,False,7,8
B03,0.6,400,320,19,7,-12,12,2,-10,2.5,always,2.280253315829371,2.113993464212085,2.0643606655562063,1.9795299706582998,2.9663139731040107,False,12,10
B03,0.6,400,320,19,1,-18,12,1,-11,3.0,always,2.7363039789952452,2.5367921570545016,2.4772327986674476,2.3754359647899594,3.5595767677248125,False,18,11
B03,0.6,400,320,19,87,68,12,9,-3,1.0,frozen,0.9121013263317485,0.9121013263317485,0.9121013263317485,0.9121013263317485,0.9121013263317485,False,68,3
B03,0.6,400,320,19,55,36,12,8,-4,1.25,frozen,1.1401266579146856,1.1401266579146854,1.1401266579146856,1.1401266579146856,1.1401266579146856,False,36,4
B03,0.6,400,320,19,29,10,12,7,-5,1.5,frozen,1.3681519894976226,1.3681519894976226,1.3681519894976226,1.3681519894976226,1.3681519894976226,False,10,5
B03,0.6,400,320,19,24,5,12,6,-6,1.645,frozen,1.5004066818157262,1.500406681815726,1.5004066818157262,1.5004066818157262,1.5004066818157262,False,5,6
B03,0.6,400,320,19,13,-6,12,4,-8,1.96,frozen,1.787718599610227,1.7877185996102267,1.787718599610227,1.787718599610227,1.787718599610227,False,6,8
B03,0.6,400,320,19,12,-7,12,4,-8,2.0,frozen,1.824202652663497,1.824202652663497,1.824202652663497,1.824202652663497,1.824202652663497,False,7,8
B03,0.6,400,320,19,8,-11,12,3,-9,2.25,frozen,2.052227984246434,2.0522279842464344,2.052227984246434,2.052227984246434,2.052227984246434,False,11,9
B03,0.6,400,320,19,3,-16,12,1,-11,2.5,frozen,2.280253315829371,2.2802533158293707,2.280253315829371,2.280253315829371,2.280253315829371,False,16,11
B03,0.6,400,320,19,1,-18,12,1,-11,3.0,frozen,2.7363039789952452,2.7363039789952452,2.7363039789952452,2.7363039789952452,2.7363039789952452,False,18,11
B03,0.6,400,320,19,223,204,12,15,3,1.0,non_alarm,0.9121013263317485,0.3054355839919475,0.22030480413859627,0.1401230274587616,0.9121013263317485,False,204,3
B03,0.6,400,320,19,196,177,12,14,2,1.25,non_alarm,1.1401266579146856,0.39758873695501723,0.294498012088788,0.18851559102541135,1.1454040762411164,False,177,2
B03,0.6,400,320,19,166,147,12,11,-1,1.5,non_alarm,1.3681519894976226,0.5329716981430888,0.4268531306703981,0.28402997405182384,1.3744848914893397,False,147,1
B03,0.6,400,320,19,142,123,12,9,-3,1.645,non_alarm,1.5004066818157262,0.6530325039194356,0.5481153602780588,0.373240158402621,1.5073517643333092,False,123,3
B03,0.6,400,320,19,73,54,12,8,-4,1.96,non_alarm,1.787718599610227,1.0616446636829338,1.0126958064275469,0.9518439909674942,1.8246009987711829,False,54,4
B03,0.6,400,320,19,68,49,12,8,-4,2.0,non_alarm,1.824202652663497,1.1022872412544567,1.0574831539739908,1.1008716971174477,1.8618377538481459,False,49,4
B03,0.6,400,320,19,19,0,12,6,-6,2.25,non_alarm,2.052227984246434,1.59409954156986,1.5900443515052798,1.6015942814643438,2.094567473079164,False,0,6
B03,0.6,400,320,19,17,-2,12,6,-6,2.5,non_alarm,2.280253315829371,1.790138558692813,1.791774261593239,1.8495202934399788,2.327297192310182,False,2,6
B03,0.6,400,320,19,1,-18,12,1,-11,3.0,non_alarm,2.7363039789952452,2.4881745514010625,2.453777270053521,2.3754358812456067,3.5594820687968145,False,18,11
B04,0.2,420,320,11,121,110,6,16,10,1.0,always,1.2943785017276754,1.4828608666455338,1.4141189361513422,1.2110158831581468,1.9259054599514547,False,110,10
B04,0.2,420,320,11,69,58,6,10,4,1.25,always,1.6179731271595943,1.8535760833069168,1.7676486701891778,1.5137698539476836,2.407381824939318,False,58,4
B04,0.2,420,320,11,39,28,6,8,2,1.5,always,1.9415677525915132,2.224291299968301,2.121178404227013,1.8165238247372202,2.888858189927182,False,28,2
B04,0.2,420,320,11,29,18,6,7,1,1.645,always,2.1292526353420262,2.439306125631903,2.3262256499689578,1.9921211277951514,3.168114481620143,False,18,1
B04,0.2,420,320,11,6,-5,6,1,-5,1.96,always,2.5369818633862438,2.906407298625246,2.7716731148566307,2.3735911309899675,3.774774701504851,False,5,5
B04,0.2,420,320,11,5,-6,6,1,-5,2.0,always,2.588757003455351,2.9657217332910677,2.8282378723026844,2.4220317663162936,3.8518109199029094,False,6,5
B04,0.2,420,320,11,2,-9,6,1,-5,2.25,always,2.9123516288872695,3.336436949952451,3.18176760634052,2.7247857371058304,4.333287284890773,False,9,5
B04,0.2,420,320,11,0,-11,6,0,-6,2.5,always,3.2359462543191886,3.7071521666138336,3.5352973403783556,3.027539707895367,4.814763649878636,False,11,6
B04,0.2,420,320,11,0,-11,6,0,-6,3.0,always,3.8831355051830263,4.448582599936602,4.242356808454026,3.6330476494744404,5.777716379854364,False,11,6
B04,0.2,420,320,11,157,146,6,20,14,1.0,frozen,1.2943785017276754,1.2943785017276752,1.2943785017276754,1.2943785017276754,1.2943785017276754,False,146,14
B04,0.2,420,320,11,105,94,6,15,9,1.25,frozen,1.6179731271595943,1.6179731271595945,1.6179731271595943,1.6179731271595943,1.6179731271595943,False,94,9
B04,0.2,420,320,11,69,58,6,10,4,1.5,frozen,1.9415677525915132,1.9415677525915132,1.9415677525915132,1.9415677525915132,1.9415677525915132,False,58,4
B04,0.2,420,320,11,47,36,6,9,3,1.645,frozen,2.1292526353420262,2.1292526353420267,2.1292526353420262,2.1292526353420262,2.1292526353420262,False,36,3
B04,0.2,420,320,11,15,4,6,4,-2,1.96,frozen,2.5369818633862438,2.536981863386244,2.5369818633862438,2.5369818633862438,2.5369818633862438,False,4,2
B04,0.2,420,320,11,14,3,6,4,-2,2.0,frozen,2.588757003455351,2.5887570034553504,2.588757003455351,2.588757003455351,2.588757003455351,False,3,2
B04,0.2,420,320,11,5,-6,6,1,-5,2.25,frozen,2.9123516288872695,2.912351628887269,2.9123516288872695,2.9123516288872695,2.9123516288872695,False,6,5
B04,0.2,420,320,11,1,-10,6,1,-5,2.5,frozen,3.2359462543191886,3.235946254319189,3.2359462543191886,3.2359462543191886,3.2359462543191886,False,10,5
B04,0.2,420,320,11,0,-11,6,0,-6,3.0,frozen,3.8831355051830263,3.8831355051830263,3.8831355051830263,3.8831355051830263,3.8831355051830263,False,11,6
B04,0.2,420,320,11,239,228,6,25,19,1.0,non_alarm,1.2943785017276754,0.772224949326942,0.7731215261794772,0.4047225745037261,1.2943785017276754,False,228,19
B04,0.2,420,320,11,204,193,6,21,15,1.25,non_alarm,1.6179731271595943,1.0236583073540797,1.0417489951340846,0.5524738516428922,1.6343186429862357,False,193,15
B04,0.2,420,320,11,100,89,6,11,5,1.5,non_alarm,1.9415677525915132,1.6340603195022911,1.7282854876955025,0.9574593908562956,2.361017149633526,False,89,5
B04,0.2,420,320,11,53,42,6,8,2,1.645,non_alarm,2.1292526353420262,2.032137383702095,2.065773369972198,1.384390662973085,2.9135570749844635,False,42,2
B04,0.2,420,320,11,11,0,6,1,-5,1.96,non_alarm,2.5369818633862438,2.777447212604262,2.6986571711878105,2.170673551509429,3.7503698983343567,False,0,5
B04,0.2,420,320,11,9,-2,6,1,-5,2.0,non_alarm,2.588757003455351,2.853097341115009,2.7537318073345003,2.2576149842734354,3.826908059524854,False,2,5
B04,0.2,420,320,11,2,-9,6,1,-5,2.25,non_alarm,2.9123516288872695,3.290538728680887,3.137746927980935,2.723664554353661,4.333287284890773,False,9,5
B04,0.2,420,320,11,0,-11,6,0,-6,2.5,non_alarm,3.2359462543191886,3.7071521666138336,3.5352973403783556,3.027539707895367,4.814763649878636,False,11,6
B04,0.2,420,320,11,0,-11,6,0,-6,3.0,non_alarm,3.8831355051830263,4.448582599936602,4.242356808454026,3.6330476494744404,5.777716379854364,False,11,6
B05,0.1,420,320,12,113,101,8,9,1,1.0,always,0.983361742588907,0.9965974404520391,1.0079254540126619,1.0192343916872901,1.1744084623763056,False,101,1
B05,0.1,420,320,12,75,63,8,7,-1,1.25,always,1.2292021782361338,1.245746800565049,1.2599068175158274,1.2740429896091126,1.468010577970382,False,63,1
B05,0.1,420,320,12,47,35,8,6,-2,1.5,always,1.4750426138833603,1.4948961606780589,1.5118881810189928,1.5288515875309352,1.7616126935644583,False,35,2
B05,0.1,420,320,12,35,23,8,6,-2,1.645,always,1.617630066558752,1.6394027895436047,1.6580373718508288,1.6766405743255923,1.9319019206090227,False,23,2
B05,0.1,420,320,12,10,-2,8,2,-6,1.96,always,1.9273890154742577,1.953330983285997,1.9755338898648174,1.9976994077070886,2.301840586257559,False,2,6
B05,0.1,420,320,12,10,-2,8,2,-6,2.0,always,1.966723485177814,1.9931948809040783,2.0158509080253237,2.0384687833745803,2.348816924752611,False,2,6
B05,0.1,420,320,12,2,-10,8,0,-8,2.25,always,2.2125639208250405,2.2423442410170886,2.267832271528489,2.2932773812964027,2.6424190403466876,False,10,8
B05,0.1,420,320,12,1,-11,8,0,-8,2.5,always,2.4584043564722675,2.491493601130098,2.519813635031655,2.548085979218225,2.936021155940764,False,11,8
B05,0.1,420,320,12,0,-12,8,0,-8,3.0,always,2.9500852277667207,2.9897923213561177,3.0237763620379856,3.0577031750618704,3.5232253871289165,False,12,8
B05,0.1,420,320,12,116,104,8,10,2,1.0,frozen,0.983361742588907,0.983361742588907,0.983361742588907,0.983361742588907,0.983361742588907,False,104,2
B05,0.1,420,320,12,79,67,8,9,1,1.25,frozen,1.2292021782361338,1.229202178236134,1.2292021782361338,1.2292021782361338,1.2292021782361338,False,67,1
B05,0.1,420,320,12,45,33,8,7,-1,1.5,frozen,1.4750426138833603,1.4750426138833603,1.4750426138833603,1.4750426138833603,1.4750426138833603,False,33,1
B05,0.1,420,320,12,32,20,8,6,-2,1.645,frozen,1.617630066558752,1.617630066558752,1.617630066558752,1.617630066558752,1.617630066558752,False,20,2
B05,0.1,420,320,12,12,0,8,2,-6,1.96,frozen,1.9273890154742577,1.9273890154742577,1.9273890154742577,1.9273890154742577,1.9273890154742577,False,0,6
B05,0.1,420,320,12,12,0,8,2,-6,2.0,frozen,1.966723485177814,1.966723485177814,1.966723485177814,1.966723485177814,1.966723485177814,False,0,6
B05,0.1,420,320,12,3,-9,8,1,-7,2.25,frozen,2.2125639208250405,2.2125639208250405,2.2125639208250405,2.2125639208250405,2.2125639208250405,False,9,7
B05,0.1,420,320,12,1,-11,8,0,-8,2.5,frozen,2.4584043564722675,2.458404356472268,2.4584043564722675,2.4584043564722675,2.4584043564722675,False,11,8
B05,0.1,420,320,12,0,-12,8,0,-8,3.0,frozen,2.9500852277667207,2.9500852277667207,2.9500852277667207,2.9500852277667207,2.9500852277667207,False,12,8
B05,0.1,420,320,12,230,218,8,13,5,1.0,non_alarm,0.983361742588907,0.46711276271024255,0.4345665530874129,0.24071304147976055,0.983361742588907,False,218,5
B05,0.1,420,320,12,198,186,8,12,4,1.25,non_alarm,1.2292021782361338,0.6108298708545205,0.5766636571279267,0.3332345107707424,1.2292021782361338,False,186,4
B05,0.1,420,320,12,149,137,8,11,3,1.5,non_alarm,1.4750426138833603,0.8502940411589822,0.8430574145421352,0.5365859324160929,1.4750426138833603,False,137,3
B05,0.1,420,320,12,97,85,8,9,1,1.645,non_alarm,1.617630066558752,1.1178220873478832,1.1593508546223479,0.7534163095290539,1.617630066558752,False,85,1
B05,0.1,420,320,12,23,11,8,4,-4,1.96,non_alarm,1.9273890154742577,1.7541275183967648,1.7249578104845136,1.5137981315967635,2.178275929485589,False,11,4
B05,0.1,420,320,12,19,7,8,3,-5,2.0,non_alarm,1.966723485177814,1.8247706547975113,1.8253630346089407,1.5446928610732031,2.224087913262552,False,7,5
B05,0.1,420,320,12,4,-8,8,1,-7,2.25,non_alarm,2.2125639208250405,2.18114685927236,2.1964444301530457,2.2458560226128568,2.6424190403466876,False,8,7
B05,0.1,420,320,12,2,-10,8,1,-7,2.5,non_alarm,2.4584043564722675,2.4504158881240143,2.4585311358003463,2.548078995355695,2.936021155940764,False,10,7
B05,0.1,420,320,12,0,-12,8,0,-8,3.0,non_alarm,2.9500852277667207,2.9897923213561177,3.0237763620379856,3.0577031750618704,3.5232253871289165,False,12,8
B06,0.33,400,320,22,107,85,12,6,-6,1.0,always,0.7297230913359232,0.720910046412438,0.7144166032300316,0.8425997196376444,0.8705407753180483,False,85,6
B06,0.33,400,320,22,74,52,12,6,-6,1.25,always,0.912153864169904,0.9011375580155476,0.8930207540375394,1.0532496495470554,1.0881759691475603,False,52,6
B06,0.33,400,320,22,42,20,12,4,-8,1.5,always,1.0945846370038848,1.0813650696186572,1.0716249048450472,1.2638995794564665,1.3058111629770726,False,20,8
B06,0.33,400,320,22,24,2,12,4,-8,1.645,always,1.2003944852475936,1.1858970263484607,1.175215312313402,1.386076538803925,1.4320395753981894,False,2,8
B06,0.33,400,320,22,15,-7,12,3,-9,1.96,always,1.4302572590184093,1.4129836909683788,1.4002565423308617,1.651495450489783,1.7062599196233745,False,7,9
B06,0.33,400,320,22,15,-7,12,3,-9,2.0,always,1.4594461826718463,1.441820092824876,1.4288332064600633,1.6851994392752887,1.7410815506360966,False,7,9
B06,0.33,400,320,22,8,-14,12,2,-10,2.25,always,1.6418769555058272,1.622047604427986,1.607437357267571,1.8958493691846998,1.9587167444656086,False,14,10
B06,0.33,400,320,22,7,-15,12,2,-10,2.5,always,1.824307728339808,1.8022751160310952,1.7860415080750789,2.1064992990941107,2.1763519382951206,False,15,10
B06,0.33,400,320,22,3,-19,12,2,-10,3.0,always,2.1891692740077695,2.1627301392373144,2.1432498096900945,2.527799158912933,2.611622325954145,False,19,10
B06,0.33,400,320,22,103,81,12,6,-6,1.0,frozen,0.7297230913359232,0.7297230913359233,0.7297230913359232,0.7297230913359232,0.7297230913359232,False,81,6
B06,0.33,400,320,22,63,41,12,5,-7,1.25,frozen,0.912153864169904,0.9121538641699038,0.912153864169904,0.912153864169904,0.912153864169904,False,41,7
B06,0.33,400,320,22,39,17,12,4,-8,1.5,frozen,1.0945846370038848,1.094584637003885,1.0945846370038848,1.0945846370038848,1.0945846370038848,False,17,8
B06,0.33,400,320,22,27,5,12,4,-8,1.645,frozen,1.2003944852475936,1.2003944852475938,1.2003944852475936,1.2003944852475936,1.2003944852475936,False,5,8
B06,0.33,400,320,22,14,-8,12,4,-8,1.96,frozen,1.4302572590184093,1.4302572590184093,1.4302572590184093,1.4302572590184093,1.4302572590184093,False,8,8
B06,0.33,400,320,22,12,-10,12,3,-9,2.0,frozen,1.4594461826718463,1.4594461826718466,1.4594461826718463,1.4594461826718463,1.4594461826718463,False,10,9
B06,0.33,400,320,22,9,-13,12,2,-10,2.25,frozen,1.6418769555058272,1.6418769555058272,1.6418769555058272,1.6418769555058272,1.6418769555058272,False,13,10
B06,0.33,400,320,22,5,-17,12,2,-10,2.5,frozen,1.824307728339808,1.8243077283398077,1.824307728339808,1.824307728339808,1.824307728339808,False,17,10
B06,0.33,400,320,22,2,-20,12,2,-10,3.0,frozen,2.1891692740077695,2.18916927400777,2.1891692740077695,2.1891692740077695,2.1891692740077695,False,20,10
B06,0.33,400,320,22,223,201,12,8,-4,1.0,non_alarm,0.7297230913359232,0.28369326769393693,0.22923498066872802,0.13521173763730998,0.7297230913359232,False,201,4
B06,0.33,400,320,22,198,176,12,6,-6,1.25,non_alarm,0.912153864169904,0.3690510446746306,0.3039271963139834,0.18887018892555327,0.912153864169904,False,176,6
B06,0.33,400,320,22,170,148,12,6,-6,1.5,non_alarm,1.0945846370038848,0.502905996203233,0.4412992514621148,0.2637244677023552,1.0945846370038848,False,148,6
B06,0.33,400,320,22,124,102,12,6,-6,1.645,non_alarm,1.2003944852475936,0.6535090220382924,0.5797574433167538,0.45491663933645,1.2003944852475936,False,102,6
B06,0.33,400,320,22,54,32,12,5,-7,1.96,non_alarm,1.4302572590184093,1.0447872408178984,1.036535470520425,1.031164833443929,1.4441531763964535,False,32,7
B06,0.33,400,320,22,42,20,12,4,-8,2.0,non_alarm,1.4594461826718463,1.117816321041095,1.1411117370710022,1.2695831256768622,1.4736256902004627,False,20,8
B06,0.33,400,320,22,19,-3,12,3,-9,2.25,non_alarm,1.6418769555058272,1.388125669170913,1.3954476346690534,1.6575941139885335,1.8146569740415812,False,3,9
B06,0.33,400,320,22,9,-13,12,2,-10,2.5,non_alarm,1.824307728339808,1.637508465630677,1.6417466526434237,1.843529873894008,2.0445029081806303,False,13,10
B06,0.33,400,320,22,5,-17,12,2,-10,3.0,non_alarm,2.1891692740077695,2.0347142900392576,2.0419556868010553,2.3583309950467233,2.464783936229722,False,17,10
B07,0.3,400,320,17,104,87,11,15,4,1.0,always,1.1345800046987142,1.326990275272631,1.3055700455231976,1.3782599725528053,1.9352413202945944,False,87,4
B07,0.3,400,320,17,73,56,11,14,3,1.25,always,1.4182250058733927,1.6587378440907887,1.631962556903997,1.7228249656910066,2.419051650368243,False,56,3
B07,0.3,400,320,17,50,33,11,12,1,1.5,always,1.7018700070480715,1.9904854129089464,1.9583550682847966,2.067389958829208,2.902861980441892,False,33,1
B07,0.3,400,320,17,36,19,11,11,0,1.645,always,1.866384107729385,2.1828990028234783,2.1476627248856603,2.2672376548493647,3.183471971884608,False,19,0
B07,0.3,400,320,17,19,2,11,7,-4,1.96,always,2.22377680920948,2.6009009395343563,2.5589172892254672,2.7013895462034982,3.7930729877774048,False,2,4
B07,0.3,400,320,17,18,1,11,7,-4,2.0,always,2.2691600093974285,2.653980550545262,2.611140091046395,2.7565199451056106,3.870482640589189,False,1,4
B07,0.3,400,320,17,10,-7,11,5,-6,2.25,always,2.552805010572107,2.98572811936342,2.9375326024271944,3.1010849382438117,4.354292970662837,False,7,6
B07,0.3,400,320,17,5,-12,11,3,-8,2.5,always,2.8364500117467855,3.3174756881815775,3.263925113807994,3.4456499313820133,4.838103300736486,False,12,8
B07,0.3,400,320,17,4,-13,11,3,-8,3.0,always,3.403740014096143,3.980970825817893,3.916710136569593,4.134779917658416,5.805723960883784,False,13,8
B07,0.3,400,320,17,115,98,11,16,5,1.0,frozen,1.1345800046987142,1.1345800046987142,1.1345800046987142,1.1345800046987142,1.1345800046987142,False,98,5
B07,0.3,400,320,17,90,73,11,14,3,1.25,frozen,1.4182250058733927,1.4182250058733925,1.4182250058733927,1.4182250058733927,1.4182250058733927,False,73,3
B07,0.3,400,320,17,66,49,11,14,3,1.5,frozen,1.7018700070480715,1.7018700070480715,1.7018700070480715,1.7018700070480715,1.7018700070480715,False,49,3
B07,0.3,400,320,17,52,35,11,13,2,1.645,frozen,1.866384107729385,1.866384107729385,1.866384107729385,1.866384107729385,1.866384107729385,False,35,2
B07,0.3,400,320,17,31,14,11,10,-1,1.96,frozen,2.22377680920948,2.2237768092094794,2.22377680920948,2.22377680920948,2.22377680920948,False,14,1
B07,0.3,400,320,17,28,11,11,10,-1,2.0,frozen,2.2691600093974285,2.2691600093974285,2.2691600093974285,2.2691600093974285,2.2691600093974285,False,11,1
B07,0.3,400,320,17,19,2,11,7,-4,2.25,frozen,2.552805010572107,2.5528050105721074,2.552805010572107,2.552805010572107,2.552805010572107,False,2,4
B07,0.3,400,320,17,13,-4,11,5,-6,2.5,frozen,2.8364500117467855,2.836450011746785,2.8364500117467855,2.8364500117467855,2.8364500117467855,False,4,6
B07,0.3,400,320,17,4,-13,11,3,-8,3.0,frozen,3.403740014096143,3.403740014096143,3.403740014096143,3.403740014096143,3.403740014096143,False,13,8
B07,0.3,400,320,17,220,203,11,20,9,1.0,non_alarm,1.1345800046987142,0.4770628861063738,0.4141526492841742,0.21627917597232024,1.1345800046987142,False,203,9
B07,0.3,400,320,17,199,182,11,20,9,1.25,non_alarm,1.4182250058733927,0.6143024907480854,0.5324311560507915,0.28422957450520825,1.4182250058733927,False,182,9
B07,0.3,400,320,17,174,157,11,17,6,1.5,non_alarm,1.7018700070480715,0.8117657736509093,0.7404401648345484,0.4024619322626336,1.7186145471908485,False,157,6
B07,0.3,400,320,17,128,111,11,16,5,1.645,non_alarm,1.866384107729385,1.1001825914215946,1.0443503415888071,0.6580046922512267,1.8847472867526305,False,111,5
B07,0.3,400,320,17,76,59,11,14,3,1.96,non_alarm,2.22377680920948,1.6371549490365447,1.6751558253438532,1.4390329891068805,2.31422652080634,False,59,3
B07,0.3,400,320,17,49,32,11,12,1,2.0,non_alarm,2.2691600093974285,1.943208941718337,1.9856194764354296,1.5430697881143964,2.5012493662950686,False,32,1
B07,0.3,400,320,17,22,5,11,8,-3,2.25,non_alarm,2.552805010572107,2.4852319239814187,2.490337656665717,2.469163916559257,3.066316437424076,False,5,3
B07,0.3,400,320,17,10,-7,11,5,-6,2.5,non_alarm,2.8364500117467855,3.00285407641037,2.974883615566588,2.8735341958221774,3.7043206898048604,False,7,6
B07,0.3,400,320,17,4,-13,11,3,-8,3.0,non_alarm,3.403740014096143,3.7126442131745003,3.676465935939651,4.10031895014639,4.515952476785107,False,13,8
B08,0.21,440,320,27,127,100,14,31,17,1.0,always,1.4944806827023929,1.9835010240139734,1.9987164583676638,2.471821507288246,2.5681076933744937,False,100,17
B08,0.21,440,320,27,78,51,14,26,12,1.25,always,1.868100853377991,2.479376280017467,2.4983955729595797,3.0897768841103073,3.210134616718117,False,51,12
B08,0.21,440,320,27,52,25,14,21,7,1.5,always,2.2417210240535894,2.97525153602096,2.9980746875514956,3.707732260932369,3.852161540061741,False,25,7
B08,0.21,440,320,27,38,11,14,18,4,1.645,always,2.4584207230454362,3.262859184502986,3.287888574014807,4.066146379489164,4.224537155601042,False,11,4
B08,0.21,440,320,27,17,-10,14,8,-6,1.96,always,2.92918213809669,3.887662007067388,3.917484258400621,4.844770154284962,5.0334910790140075,False,10,6
B08,0.21,440,320,27,16,-11,14,8,-6,2.0,always,2.9889613654047857,3.967002048027947,3.9974329167353275,4.943643014576492,5.1362153867489875,False,11,6
B08,0.21,440,320,27,3,-24,14,2,-12,2.25,always,3.362581536080384,4.462877304031441,4.4971120313272435,5.561598391398554,5.778242310092611,False,24,12
B08,0.21,440,320,27,3,-24,14,2,-12,2.5,always,3.736201706755982,4.958752560034934,4.996791145919159,6.1795537682206145,6.420269233436234,False,24,12
B08,0.21,440,320,27,0,-27,14,0,-14,3.0,always,4.483442048107179,5.95050307204192,5.996149375102991,7.415464521864738,7.704323080123482,False,27,14
B08,0.21,440,320,27,167,140,14,33,19,1.0,frozen,1.4944806827023929,1.494480682702393,1.4944806827023929,1.4944806827023929,1.4944806827023929,False,140,19
B08,0.21,440,320,27,134,107,14,31,17,1.25,frozen,1.868100853377991,1.868100853377991,1.868100853377991,1.868100853377991,1.868100853377991,False,107,17
B08,0.21,440,320,27,102,75,14,30,16,1.5,frozen,2.2417210240535894,2.2417210240535894,2.2417210240535894,2.2417210240535894,2.2417210240535894,False,75,16
B08,0.21,440,320,27,86,59,14,28,14,1.645,frozen,2.4584207230454362,2.458420723045436,2.4584207230454362,2.4584207230454362,2.4584207230454362,False,59,14
B08,0.21,440,320,27,53,26,14,22,8,1.96,frozen,2.92918213809669,2.9291821380966896,2.92918213809669,2.92918213809669,2.92918213809669,False,26,8
B08,0.21,440,320,27,45,18,14,18,4,2.0,frozen,2.9889613654047857,2.988961365404786,2.9889613654047857,2.9889613654047857,2.9889613654047857,False,18,4
B08,0.21,440,320,27,26,-1,14,14,0,2.25,frozen,3.362581536080384,3.362581536080384,3.362581536080384,3.362581536080384,3.362581536080384,False,1,0
B08,0.21,440,320,27,17,-10,14,12,-2,2.5,frozen,3.736201706755982,3.736201706755982,3.736201706755982,3.736201706755982,3.736201706755982,False,10,2
B08,0.21,440,320,27,5,-22,14,4,-10,3.0,frozen,4.483442048107179,4.483442048107179,4.483442048107179,4.483442048107179,4.483442048107179,False,22,10
B08,0.21,440,320,27,242,215,14,37,23,1.0,non_alarm,1.4944806827023929,0.6582479436572463,0.5332679495656435,0.3808669868680581,1.4944806827023929,False,215,23
B08,0.21,440,320,27,226,199,14,37,23,1.25,non_alarm,1.868100853377991,0.8449077044902669,0.6958046071780638,0.49917222624429847,1.868100853377991,False,199,23
B08,0.21,440,320,27,201,174,14,36,22,1.5,non_alarm,2.2417210240535894,1.1554442002767982,0.9858420970508229,0.7312233597611971,2.2417210240535894,False,174,22
B08,0.21,440,320,27,191,164,14,36,22,1.645,non_alarm,2.4584207230454362,1.3485487267692176,1.1508737260663895,0.9473908442263516,2.4584207230454362,False,164,22
B08,0.21,440,320,27,65,38,14,23,9,1.96,non_alarm,2.92918213809669,2.828519724819197,2.723640537104911,4.236062331133836,4.365363605751577,False,38,9
B08,0.21,440,320,27,42,15,14,18,4,2.0,non_alarm,2.9889613654047857,3.215318928732792,3.083266591342371,4.333151865168344,4.4658915499978695,False,15,4
B08,0.21,440,320,27,3,-24,14,2,-12,2.25,non_alarm,3.362581536080384,4.354812348046275,4.258158530434038,5.552897876462126,5.766247461760233,False,24,12
B08,0.21,440,320,27,3,-24,14,2,-12,2.5,non_alarm,3.736201706755982,4.838680386718084,4.73128725603782,6.169886529402362,6.406941624178036,False,24,12
B08,0.21,440,320,27,0,-27,14,0,-14,3.0,non_alarm,4.483442048107179,5.95050307204192,5.996149375102991,7.415464521864738,7.704323080123482,False,27,14
B09,0.45,400,320,18,108,90,7,15,8,1.0,always,1.3182496789101186,1.3426605743707367,1.312205985986415,1.0400449206096123,1.8122346586911338,False,90,8
B09,0.45,400,320,18,68,50,7,12,5,1.25,always,1.6478120986376483,1.6783257179634206,1.6402574824830187,1.3000561507620154,2.265293323363917,False,50,5
B09,0.45,400,320,18,42,24,7,8,1,1.5,always,1.9773745183651779,2.013990861556105,1.9683089789796226,1.5600673809144183,2.7183519880367006,False,24,1
B09,0.45,400,320,18,27,9,7,5,-2,1.645,always,2.168520721807145,2.2086766448398616,2.158578846947653,1.7108738944028121,2.981126013546915,False,9,2
B09,0.45,400,320,18,12,-6,7,4,-3,1.96,always,2.5837693706638323,2.6316147257666436,2.5719237325333735,2.03848804439484,3.551979931034622,False,6,3
B09,0.45,400,320,18,12,-6,7,4,-3,2.0,always,2.636499357820237,2.6853211487414734,2.62441197197283,2.0800898412192246,3.6244693173822675,False,6,3
B09,0.45,400,320,18,5,-13,7,2,-5,2.25,always,2.966061777547767,3.0209862923341575,2.9524634684694337,2.3401010713716275,4.0775279820550505,False,13,5
B09,0.45,400,320,18,2,-16,7,1,-6,2.5,always,3.2956241972752967,3.356651435926841,3.2805149649660375,2.600112301524031,4.530586646727834,False,16,6
B09,0.45,400,320,18,0,-18,7,0,-7,3.0,always,3.9547490367303557,4.02798172311221,3.9366179579592453,3.1201347618288366,5.436703976073401,False,18,7
B09,0.45,400,320,18,110,92,7,14,7,1.0,frozen,1.3182496789101186,1.3182496789101188,1.3182496789101186,1.3182496789101186,1.3182496789101186,False,92,7
B09,0.45,400,320,18,69,51,7,10,3,1.25,frozen,1.6478120986376483,1.6478120986376479,1.6478120986376483,1.6478120986376483,1.6478120986376483,False,51,3
B09,0.45,400,320,18,44,26,7,8,1,1.5,frozen,1.9773745183651779,1.977374518365178,1.9773745183651779,1.9773745183651779,1.9773745183651779,False,26,1
B09,0.45,400,320,18,36,18,7,7,0,1.645,frozen,2.168520721807145,2.168520721807145,2.168520721807145,2.168520721807145,2.168520721807145,False,18,0
B09,0.45,400,320,18,15,-3,7,6,-1,1.96,frozen,2.5837693706638323,2.583769370663832,2.5837693706638323,2.5837693706638323,2.5837693706638323,False,3,1
B09,0.45,400,320,18,13,-5,7,4,-3,2.0,frozen,2.636499357820237,2.6364993578202376,2.636499357820237,2.636499357820237,2.636499357820237,False,5,3
B09,0.45,400,320,18,9,-9,7,4,-3,2.25,frozen,2.966061777547767,2.9660617775477673,2.966061777547767,2.966061777547767,2.966061777547767,False,9,3
B09,0.45,400,320,18,1,-17,7,1,-6,2.5,frozen,3.2956241972752967,3.2956241972752958,3.2956241972752967,3.2956241972752967,3.2956241972752967,False,17,6
B09,0.45,400,320,18,0,-18,7,0,-7,3.0,frozen,3.9547490367303557,3.954749036730356,3.9547490367303557,3.9547490367303557,3.9547490367303557,False,18,7
B09,0.45,400,320,18,229,211,7,24,17,1.0,non_alarm,1.3182496789101186,0.5905312403739672,0.5042745224996016,0.28478816291479586,1.3182496789101186,False,211,17
B09,0.45,400,320,18,210,192,7,23,16,1.25,non_alarm,1.6478120986376483,0.7608039082421589,0.6511108880060521,0.3829640568164469,1.6478120986376483,False,192,16
B09,0.45,400,320,18,135,117,7,22,15,1.5,non_alarm,1.9773745183651779,1.1646163609719913,1.0664417640053225,0.735289686614514,1.9773745183651779,False,117,15
B09,0.45,400,320,18,125,107,7,22,15,1.645,non_alarm,2.168520721807145,1.3254514470285013,1.1887934213329105,0.8412140785320047,2.168520721807145,False,107,15
B09,0.45,400,320,18,20,2,7,5,-2,1.96,non_alarm,2.5837693706638323,2.3264934743105927,2.2777689877222667,1.923320873596386,3.1221543607652924,False,2,2
B09,0.45,400,320,18,19,1,7,5,-2,2.0,non_alarm,2.636499357820237,2.389132985305222,2.3319490688184654,1.9625749740951204,3.200864033748859,False,1,2
B09,0.45,400,320,18,9,-9,7,4,-3,2.25,non_alarm,2.966061777547767,2.8362711596260985,2.7832717298773635,2.301238798104327,3.947421616454129,False,9,3
B09,0.45,400,320,18,4,-14,7,2,-5,2.5,non_alarm,3.2956241972752967,3.2688969848790506,3.2211259369312573,2.5638010506743285,4.530586646727834,False,14,5
B09,0.45,400,320,18,0,-18,7,0,-7,3.0,non_alarm,3.9547490367303557,4.02798172311221,3.9366179579592453,3.1201347618288366,5.436703976073401,False,18,7
