dataset,subject,lambda,published_csw,computed_csw,csw_difference,published_csv,computed_csv,csv_difference
2A,A01,0.5,12,4,-8,6,0,-6
2B,B01,0.28,14,17,3,10,0,-10
2A,A02,0.55,15,6,-9,8,3,-5
2B,B02,0.17,18,13,-5,13,1,-12
2A,A03,0.6,7,7,0,6,0,-6
2B,B03,0.6,19,18,-1,12,1,-11
2A,A04,0.61,10,6,-4,3,0,-3
2B,B04,0.2,11,6,-5,6,1,-5
2A,A05,0.72,13,9,-4,8,0,-8
2B,B05,0.1,12,10,-2,8,0,-8
2A,A06,0.54,12,7,-5,6,0,-6
2B,B06,0.33,22,15,-7,12,1,-11
2A,A07,0.57,11,5,-6,4,0,-4
2B,B07,0.3,17,19,2,11,1,-10
2A,A08,0.5,11,4,-7,5,0,-5
2B,B08,0.21,27,17,-10,14,1,-13
2A,A09,0.7,6,4,-2,4,0,-4
2B,B09,0.45,18,12,-6,7,0,-7
