subject,time,x,prediction,ewma,error,error_variance_before,error_std_before,control_limit_multiplier,control_limit_half_width,lcl,ucl,stage_1_alarm,error_variance_after,variance_update_mode,lambda,variance_smoothing,variance_updated,session_id,cue_description
B01,37,-1.8641350845085667,0.8242984150474804,0.07153703517178711,-2.688433499556047,0.662893883358535,0.8141829544755497,1.96,1.5957985907720773,-0.771500175724597,2.4200970058195574,1,0.991132923267367,always,0.28,0.05,1,04E,783
B01,48,2.347680980204678,0.5013814115322665,1.0183452907605417,1.8462995686724115,0.7952171124889836,0.8917494673331651,1.96,1.7478289559730036,-1.2464475444407372,2.24921036750527,1,0.9258973617285311,always,0.28,0.05,1,04E,783
B01,51,-1.1238724010204812,1.3424524520358283,0.6518814931800616,-2.4663248530563093,0.9162274026429057,0.957197682113212,1.96,1.8761074569418954,-0.5336550049060671,3.2185599089777237,1,1.1745539465509216,always,0.28,0.05,1,04E,783
B01,66,-1.8850523485876944,1.1592143812631597,0.3068196969049205,-3.044266729850854,1.0445499567000749,1.0220322679348608,1.96,2.0031832451523273,-0.8439688638891676,3.162397626415487,1,1.4557004549889117,always,0.28,0.05,1,04E,783
B01,76,2.4175780101285786,0.06566147585214022,0.724198105449543,2.3519165342764383,1.0713170614782577,1.0350444731885957,1.96,2.0286871674496476,-1.9630256915975073,2.094348643301788,1,1.2943267776144893,always,0.28,0.05,1,04E,783
B01,85,-0.8155610935276636,1.9699548116780585,1.1900103582204562,-2.785515905205722,1.109561400160013,1.0533572044468167,1.96,2.064580120715761,-0.09462530903770228,4.03453493239382,1,1.442038273059715,always,0.28,0.05,1,04E,783
B01,94,-1.4000387495107625,0.9155358273764197,0.26717494584800866,-2.3155745768871823,1.2596550033289566,1.1223435317802462,1.96,2.1997933222892825,-1.284257494912863,3.115329149665702,1,1.4647665342188214,always,0.28,0.05,1,04E,783
B01,116,2.3837260641455433,0.7147318709970713,1.1820502450786434,1.668994193148472,0.7227260315702136,0.8501329493498141,1.96,1.6662605807256357,-0.9515287097285644,2.380992451722707,1,0.8258668108298689,always,0.28,0.05,1,04E,783
B01,125,-1.0854161686421449,0.8450159071289689,0.304494925913057,-1.9304320757711138,0.7842786381387769,0.8855950757195846,1.96,1.7357663484103858,-0.8907504412814169,2.5807822555393547,1,0.9313931061901365,always,0.28,0.05,1,04E,783
B01,139,1.921202872856266,0.30053450895919853,0.7543216508503775,1.6206683638970674,0.5863234511471687,0.7657176053527623,1.96,1.5008065064914142,-1.2002719975322158,1.8013410154506126,1,0.6883355758766501,always,0.28,0.05,1,04E,783
B01,146,-1.7380901811188227,0.4391571704676554,-0.17047208797655855,-2.177247351586478,0.6468408101693823,0.8042641420387846,1.96,1.5763577183960178,-1.1372005479283624,2.0155148888636734,1,0.8515190711604299,always,0.28,0.05,1,04E,783
B01,159,-1.0444102972976723,0.7334275947529818,0.23563298497879864,-1.7778378920506541,0.7222565176633448,0.8498567630273615,1.96,1.6657192555336284,-0.9322916607806466,2.39914685028661,1,0.8441790703007332,always,0.28,0.05,1,04E,783
B01,197,2.2744763958125667,0.6657048229672787,1.1161608633639593,1.608771572845288,0.6446004638825827,0.8028701413569835,1.96,1.5736254770596878,-0.9079206540924091,2.2393303000269666,1,0.7417777393682087,always,0.28,0.05,1,05E,783
B01,219,-0.7860933081209596,1.0031007087174606,0.5021263840027029,-1.7891940168384202,0.5707926226720281,0.7555081883553798,1.96,1.4807960491765444,-0.4776953404590838,2.483896757894005,1,0.7023137530329467,always,0.28,0.05,1,05E,783
B01,239,2.0238185868830483,0.2880051562975274,0.7740329168614732,1.7358134305855208,0.6438324915748272,0.8023917319955555,1.96,1.5726877947112887,-1.2846826384137613,1.8606929510088162,1,0.7622932802861396,always,0.28,0.05,1,05E,783
B01,276,-1.103755918234553,0.8648623907171124,0.31364926421064593,-1.9686183089516653,0.4986886417677439,0.7061789020975803,1.96,1.3841106481112573,-0.5192482573941449,2.2489730388283697,1,0.6675271119963424,always,0.28,0.05,1,05E,783
B01,300,2.2782122774164275,0.30074854596544826,0.8544383907717225,1.9774637314509793,0.5502183708440208,0.7417670596919365,1.96,1.4538634369961954,-1.1531148910307472,1.7546119829616436,1,0.7182255927620212,always,0.28,0.05,1,05E,783
