lambda,sse
0.01,499.14273693016725
0.02,503.04050244651467
0.03,506.6239687539574
0.04,509.93431723687195
0.05,513.0341093129609
0.060000000000000005,515.9840642120639
0.06999999999999999,518.8339650037498
0.08,521.6210455899438
0.09,524.3716051540936
0.09999999999999999,527.1035855157536
0.11,529.8290185533275
0.12,532.5559634689896
0.13,535.2899024100018
0.14,538.0346908955894
0.15000000000000002,540.7931818149895
0.16,543.5676246350134
0.17,546.3599155583379
0.18000000000000002,549.1717512194424
0.19,552.0047209852837
0.2,554.8603606943042
0.21000000000000002,557.7401824949959
0.22,560.645690120801
0.23,563.5783855146174
0.24000000000000002,566.5397705267362
0.25,569.53134601042
0.26,572.5546097428796
0.27,575.611054024248
0.28,578.7021634385974
0.29000000000000004,581.8294130265934
0.3,584.9942669727382
0.31,588.1981778213537
0.32,591.4425861847451
0.33,594.7289208811702
0.34,598.0585994304006
0.35000000000000003,601.4330288346782
0.36000000000000004,604.8536065786586
0.37,608.3217217906772
0.38,611.8387565175728
0.39,615.4060870751845
0.4,619.0250854458209
0.41000000000000003,622.6971207021307
0.42000000000000004,626.4235604436934
0.43,630.2057722383431
0.44,634.0451250647585
0.45,637.942990756358
0.46,641.9007454491516
0.47000000000000003,645.9197710380721
0.48000000000000004,650.0014566475825
0.49,654.1472001231391
0.5,658.3584095505197
0.51,662.6365048101597
0.52,666.9829191735887
0.53,671.3991009488532
0.54,675.8865151815303
0.55,680.4466454175847
0.56,685.080995533967
0.5700000000000001,689.7910916424739
0.5800000000000001,694.5784840720487
0.59,699.444749434369
0.6,704.391492777286
0.61,709.420349830428
0.62,714.532989347083
0.63,719.7311155463213
0.64,725.0164706592147
0.65,730.3908375829578
0.66,735.8560426466981
0.67,741.413958492926
0.68,747.0665070783854
0.6900000000000001,752.8156627986139
0.7000000000000001,758.6634557404279
0.7100000000000001,764.6119750669252
0.72,770.6633725398826
0.73,776.8198661847894
0.74,783.0837441041599
0.75,789.4573684452434
0.76,795.9431795287516
0.77,802.5437001457984
0.78,809.2615400308748
0.79,816.0994005193465
0.8,823.0600793987117
0.81,830.1464759636373
0.8200000000000001,837.3615962856576
0.8300000000000001,844.7085587093284
0.8400000000000001,852.1905995876182
0.85,859.8110792703708
0.86,867.5734883607965
0.87,875.4814542561576
0.88,883.5387479900926
0.89,891.7492913954038
0.9,900.1171646075933
0.91,908.6466139309982
0.92,917.3420600910592
0.93,926.2081068980362
0.9400000000000001,935.2495503494106
0.9500000000000001,944.4713882002652
0.9600000000000001,953.8788300331357
0.97,963.4773078611956
0.98,973.2724873011779
0.99,983.2702793551738
1.0,993.4768528434031
