scenario,method,mean_false_alarm_rate,window_alarm_rate,detection_rate,mean_delay_detected_only,mean_alarm_count
both,combined,0.01008,0.99,0.99,2.3434343434343434,143.5
both,residual_only,0.010280000000000001,1.0,1.0,1.96,168.24
both,score_only,0.009300000000000001,0.26,0.26,8.192307692307692,9.98
none,combined,0.0106,0.26,,,10.6
none,residual_only,0.01052,0.21,,,10.52
none,score_only,0.00991,0.21,,,9.91
pc1,combined,0.01008,0.31,0.31,7.354838709677419,10.67
pc1,residual_only,0.010280000000000001,0.21,0.21,8.619047619047619,10.52
pc1,score_only,0.009300000000000001,0.35,0.35,4.942857142857143,10.13
pc2,combined,0.01008,1.0,1.0,0.72,309.02
pc2,residual_only,0.010280000000000001,1.0,1.0,0.54,337.91
pc2,score_only,0.009300000000000001,0.21,0.21,11.523809523809524,9.91
