time,t_squared,control_limit,stage_1_alarm
1,9.984644934844638,22.67,False
2,8.540370995721878,22.67,False
3,7.602698219170436,22.67,False
4,6.88209949478839,22.67,False
5,6.386443047950266,22.67,False
6,5.229599415843257,22.67,False
7,2.5671249519174606,22.67,False
8,3.8367993210332316,22.67,False
9,5.159675557123219,22.67,False
10,7.11825023823015,22.67,False
11,8.096340440490788,22.67,False
12,8.704661438341626,22.67,False
13,6.8608676806731745,22.67,False
14,9.838425864705487,22.67,False
15,15.52788597333392,22.67,False
16,15.072492569129633,22.67,False
17,9.183078312384932,22.67,False
18,9.023027879261699,22.67,False
19,8.204288416001777,22.67,False
20,10.85311341997086,22.67,False
21,11.257241698256662,22.67,False
22,10.256120008756884,22.67,False
23,8.582963939656212,22.67,False
24,6.200263374294557,22.67,False
25,5.138552815426692,22.67,False
26,2.581044547076543,22.67,False
27,2.58498554432453,22.67,False
28,3.4483991511934318,22.67,False
29,3.9142696982172205,22.67,False
30,2.0944916672176572,22.67,False
31,5.367658452261523,22.67,False
32,7.443181673136371,22.67,False
33,10.705872417050399,22.67,False
34,11.689181529333203,22.67,False
35,11.81882273509774,22.67,False
36,11.366374122830791,22.67,False
37,9.886630723710955,22.67,False
38,10.533080288193748,22.67,False
39,5.899829301475703,22.67,False
40,5.245743081590294,22.67,False
41,5.519833817198759,22.67,False
42,3.7083896255464746,22.67,False
43,4.011900362064063,22.67,False
44,6.439165065504293,22.67,False
45,4.945603491344285,22.67,False
46,5.034390024354893,22.67,False
47,3.028103948686046,22.67,False
48,5.062447484495335,22.67,False
49,4.8334694620102505,22.67,False
50,3.0802405401266935,22.67,False
51,4.773438598512203,22.67,False
52,5.332008757575695,22.67,False
53,7.197525886524232,22.67,False
54,5.85275392518962,22.67,False
55,7.012318155170452,22.67,False
56,6.208264269576819,22.67,False
57,4.7790699685185904,22.67,False
58,6.460888152815239,22.67,False
59,11.450288257917851,22.67,False
60,10.155430660291314,22.67,False
61,10.170837608845142,22.67,False
62,12.02572828123909,22.67,False
63,9.541904299163074,22.67,False
64,8.793485642305434,22.67,False
65,12.124609680364806,22.67,False
66,9.497028111450986,22.67,False
67,10.163203559891064,22.67,False
68,7.963462977458721,22.67,False
69,8.325019001584435,22.67,False
70,13.637174676210245,22.67,False
71,12.520728532741341,22.67,False
72,13.71398414280583,22.67,False
73,12.70600579586335,22.67,False
74,13.084088712668526,22.67,False
75,15.79534425794765,22.67,False
76,12.26938537962674,22.67,False
77,12.32758578791853,22.67,False
78,14.653661496406203,22.67,False
79,12.65647851984722,22.67,False
80,6.419492117404887,22.67,False
81,3.577270885882611,22.67,False
82,2.8153562247903845,22.67,False
83,3.3651295555345677,22.67,False
84,6.451880887136723,22.67,False
85,6.64834196714017,22.67,False
86,5.111861912373389,22.67,False
87,2.3889699338347365,22.67,False
88,3.1257734838160967,22.67,False
89,5.496284830509683,22.67,False
90,5.1788001927509235,22.67,False
91,7.5512238295701914,22.67,False
92,8.37330585928371,22.67,False
93,9.78207597298588,22.67,False
94,8.162430711701065,22.67,False
95,12.564678067596832,22.67,False
96,11.78935625019472,22.67,False
97,6.444846257822583,22.67,False
98,4.366524428846522,22.67,False
99,4.75366613966151,22.67,False
100,5.874812230479028,22.67,False
101,5.653991699186296,22.67,False
102,6.8220338617894365,22.67,False
103,14.647065889034012,22.67,False
104,15.610627132573923,22.67,False
105,25.22964970230841,22.67,True
106,42.67136321867517,22.67,True
107,56.31511203861947,22.67,True
108,57.50800036594499,22.67,True
109,51.26910127301071,22.67,True
110,62.48396892901871,22.67,True
111,67.73890357306838,22.67,True
112,50.612726241118075,22.67,True
113,43.48387808946904,22.67,True
114,53.61010952276645,22.67,True
115,44.66203614196008,22.67,True
116,39.38328254920369,22.67,True
117,49.360965366890255,22.67,True
118,52.35149019588052,22.67,True
119,63.8994126906248,22.67,True
120,52.42377741394891,22.67,True
121,63.15616583203121,22.67,True
122,62.314593943725924,22.67,True
123,68.3085238204879,22.67,True
124,72.08607404590495,22.67,True
125,57.17857755482989,22.67,True
126,56.51511598007467,22.67,True
127,50.81352729556,22.67,True
128,47.215018750894366,22.67,True
129,44.90146763658124,22.67,True
130,41.88202587015586,22.67,True
131,40.8321111512258,22.67,True
132,49.790094675957846,22.67,True
133,55.68627440677087,22.67,True
134,66.27305768872948,22.67,True
135,76.8341799291355,22.67,True
136,76.49387546421674,22.67,True
137,86.47282211404827,22.67,True
138,100.50285931337054,22.67,True
139,80.83296488592534,22.67,True
140,93.27178275491545,22.67,True
141,83.26180362356403,22.67,True
142,89.90285289902548,22.67,True
143,90.30935472662449,22.67,True
144,85.60335799893797,22.67,True
145,95.37220561932703,22.67,True
146,100.07373618314341,22.67,True
147,83.78509376491274,22.67,True
148,89.69110429570922,22.67,True
149,89.28124639597056,22.67,True
150,95.15485622058297,22.67,True
151,86.23219820869282,22.67,True
152,78.24699394105056,22.67,True
153,84.19785336238567,22.67,True
154,83.96739132633718,22.67,True
155,84.49972103932834,22.67,True
156,90.93493212701605,22.67,True
157,91.64718116024463,22.67,True
158,88.27466069437823,22.67,True
159,78.9611970357678,22.67,True
160,83.55279773709235,22.67,True
161,82.42856980887713,22.67,True
162,79.68067856618227,22.67,True
163,70.2187236709427,22.67,True
164,78.64970571913729,22.67,True
165,91.93232810712048,22.67,True
166,94.9061477316747,22.67,True
167,68.35213156894929,22.67,True
168,68.0177406328339,22.67,True
169,79.53566740514574,22.67,True
170,84.80530727473786,22.67,True
171,88.04645895186556,22.67,True
172,90.70949961655494,22.67,True
173,80.69178745328523,22.67,True
174,79.98386394492614,22.67,True
175,79.27582984197959,22.67,True
176,82.46304814550156,22.67,True
177,96.77006850546265,22.67,True
178,103.63380557594232,22.67,True
179,97.1470868369187,22.67,True
180,106.24285284198044,22.67,True
181,103.54898164095034,22.67,True
182,110.54802157119114,22.67,True
183,125.48472346601596,22.67,True
184,109.07746406617396,22.67,True
185,110.80851485370589,22.67,True
186,109.86322042462331,22.67,True
187,96.88157989311966,22.67,True
188,87.97849112281642,22.67,True
189,85.19395282730032,22.67,True
190,74.59745728416306,22.67,True
191,79.92513262669564,22.67,True
192,92.85972518303304,22.67,True
193,103.01804448363534,22.67,True
194,108.63718814307192,22.67,True
195,126.65800837150925,22.67,True
196,126.56803244651572,22.67,True
197,116.96263678520265,22.67,True
198,110.29420192143253,22.67,True
199,103.11441269986506,22.67,True
200,98.54344916022117,22.67,True
201,85.64883835230016,22.67,True
202,80.32330867260298,22.67,True
203,71.70604401701189,22.67,True
204,46.68793996165237,22.67,True
205,34.19145641364364,22.67,True
206,25.593704796500997,22.67,True
207,28.22751888164917,22.67,True
208,25.440521226571395,22.67,True
209,20.70400772570703,22.67,False
210,21.855614621316118,22.67,False
211,25.301513081262378,22.67,True
212,18.445164363438057,22.67,False
213,20.33003742813914,22.67,False
214,19.10328041433306,22.67,False
215,12.82560215016577,22.67,False
216,10.067344549839751,22.67,False
217,13.87361656295179,22.67,False
218,11.630637803220624,22.67,False
219,10.58273600151015,22.67,False
220,11.159525903044988,22.67,False
221,8.50713872108572,22.67,False
222,5.547647142145143,22.67,False
223,5.5854325910537455,22.67,False
224,9.321782377362966,22.67,False
225,13.126222212121545,22.67,False
226,10.149182774560318,22.67,False
227,8.87733629503397,22.67,False
228,13.514887039258104,22.67,False
229,12.906940710935025,22.67,False
230,10.670957425686264,22.67,False
231,16.933855373541295,22.67,False
232,14.897479713869647,22.67,False
233,6.904023169781068,22.67,False
234,10.953845653803329,22.67,False
235,13.154084051927867,22.67,False
236,16.378437599779016,22.67,False
237,17.659557586509614,22.67,False
238,19.181904189586085,22.67,False
239,18.02264486550207,22.67,False
240,17.83178423601225,22.67,False
241,15.805839837871893,22.67,False
242,14.417090236996351,22.67,False
243,12.066452926998693,22.67,False
244,16.197412612844424,22.67,False
245,16.359153075240346,22.67,False
246,11.085732729567559,22.67,False
247,9.472481918735372,22.67,False
248,7.855454553494719,22.67,False
249,5.098698914855605,22.67,False
250,5.37638489547954,22.67,False
251,5.344431275921745,22.67,False
252,4.863288575187647,22.67,False
253,10.122237198698356,22.67,False
254,10.757178658812824,22.67,False
255,8.123780466104202,22.67,False
256,13.901791389385208,22.67,False
257,11.783679804658,22.67,False
258,15.561485977344029,22.67,False
259,20.285006470981134,22.67,False
260,24.11449913902793,22.67,True
261,25.211153390206984,22.67,True
262,31.44385518831917,22.67,True
263,27.371608931312306,22.67,True
264,17.273207965592473,22.67,False
265,15.418905236674904,22.67,False
266,10.019147743186533,22.67,False
267,7.863645989041583,22.67,False
268,8.371398450824968,22.67,False
269,3.212399082945323,22.67,False
270,2.9300480698231155,22.67,False
271,4.135107178403187,22.67,False
272,3.9972073441029625,22.67,False
273,4.560040318228243,22.67,False
274,9.477161077401869,22.67,False
275,11.018977889034973,22.67,False
276,12.195916498686664,22.67,False
277,11.299201162818697,22.67,False
278,9.768704475786562,22.67,False
279,7.7034895606241935,22.67,False
280,11.716544580595492,22.67,False
281,11.24816477303267,22.67,False
282,8.946027447366033,22.67,False
283,5.698293219690719,22.67,False
284,8.292003507911897,22.67,False
285,9.15949437362048,22.67,False
286,10.5315352420566,22.67,False
287,15.560227579036685,22.67,False
288,11.849440619915422,22.67,False
289,11.245514510886425,22.67,False
290,13.362366226904136,22.67,False
291,10.3286602001765,22.67,False
292,17.404330300640332,22.67,False
293,18.31705395183029,22.67,False
294,20.581801750868333,22.67,False
295,20.25530111184664,22.67,False
296,28.9562921136597,22.67,True
297,27.506902224516676,22.67,True
298,25.10516103572159,22.67,True
299,34.91363624400058,22.67,True
300,43.45882072900234,22.67,True
