time,x1,x2,x3,x4,x5,x6,x7,x8,x9,x10,target_mean,regime,true_shift,distribution
1,-0.5531365969849469,-0.4400524646192443,-0.09571571094227233,-0.6436278667310942,-0.08144482019323959,-0.17647960907809057,-0.2209158330405363,-0.26829822151104543,0.0338281970293346,0.735622557562107,0.0,1,0,normal
2,-0.2077818841060285,-0.543544477182254,-0.2047864597176968,-0.32627665365984987,-0.8151984436785069,-0.8175899850807362,-0.5668101025998938,-0.5377506299834892,-0.8361787608917239,-0.07969149593914052,0.0,1,0,normal
3,-0.1464357459719799,0.28886616418687905,0.26141497224296883,-0.002814268475996166,0.3345492710204705,0.001057471178479442,0.15455888693637512,-0.35936683854532325,0.2309560647426464,0.27475146482890067,0.0,1,0,normal
4,-1.3513231469416225,-0.9478420141892537,-1.5137969713390254,-1.0091261106484692,-1.2895430879283356,-1.408891283737774,-0.9681024637207762,-0.8387949631507602,-1.0422849065487818,-1.650262400290674,0.0,1,0,normal
5,-0.21758274764571323,-0.41464816195661014,-0.1964492920229995,-0.5027184713456007,-0.616617125989518,-0.31823418560934824,-0.165456989068609,-0.48877269445344573,-0.721625632500622,-0.5293983893083876,0.0,1,0,normal
6,0.06968224502449183,0.16552517053843546,-0.5459128744289776,-0.41275635120322474,-0.4117884707413723,0.6035101016014752,-0.36785623184410543,-0.2010957376278229,-0.21324007079775276,-0.3087463811731756,0.0,1,0,normal
7,0.8214636998974578,0.8883254781671193,1.27774304209262,1.1266450836300939,1.0881730838869776,0.6508761582784433,0.9020042628625995,1.182388037638007,0.6893673340358242,0.8180969874281329,0.0,1,0,normal
8,0.29958086228924513,0.6492860447500931,1.0030047553627437,0.6940662161950251,0.7423487178734751,0.88778701720739,0.711457856315592,1.1241879284385623,0.47905522261431116,0.5689971113392995,0.0,1,0,normal
9,-0.4995715867240464,-0.06629132104262836,-0.07555569550637722,-0.725149420951769,-0.2302066239307293,-0.20032562618331737,-0.29635645518726,-0.04848852901349766,-0.04566797205119423,-0.3760314319623454,0.0,1,0,normal
10,-0.40963234382344077,-0.70006001578308,-0.18326456448455217,-0.7804428293778084,-0.7273215605514799,-0.35704115281560395,-0.8442426040481285,-0.05157801950393922,0.1473913700414933,0.17172705829042598,0.0,1,0,normal
11,0.6896101654025102,-0.47152580597213917,0.5424740089638218,-0.11636314819242019,0.1752892799943319,0.19672731439207616,-0.10195924484968999,0.5520827449087126,0.18331752907511087,0.4727792268618585,0.0,1,0,normal
12,-0.15647002731829635,-0.3409254981746983,0.33769939360551104,-0.2572748073377098,-0.6932124855619366,-0.11506658727337148,-0.25164009108849605,-0.47094096124185464,0.06625124891181121,-0.5566168368148685,0.0,1,0,normal
13,0.6403066173854466,0.2287799496597798,0.3776378457961045,0.9202265572442266,0.54157767052016,0.16234416869823437,1.1511970731512184,0.6777364353692031,0.11334294147019665,0.931216171125242,0.0,1,0,normal
14,-0.28704658020842977,1.3389753207699457,0.8653686595015737,-0.404129800892288,0.1339273204569511,0.29153626623594114,-0.031727503888128714,-0.4098876104712363,0.30164316010091213,0.3891428625167713,0.0,1,0,normal
15,-0.5961662388415405,-0.13484296431391554,0.18683078163416217,-0.5782326590839957,-0.7741395147884941,0.17985300385664285,-0.3951488133626318,0.279788451207722,-0.309846360253831,-0.1839628618030196,0.0,1,0,normal
16,-0.2914899052224369,-0.3013663179466391,0.004511989081038461,-0.0368239197185994,0.2402699094731116,0.6650084427559655,0.5281218849724889,0.5879929736151749,0.003244198241824064,-0.5091334405436956,0.0,1,0,normal
17,0.2752053684340139,0.5563932994370572,0.5163907460436491,1.0094234814979022,0.8278333767661581,0.35426843364173133,0.6455579308092283,-0.3018134799050157,0.8458401524838308,0.6876050845505999,0.0,1,0,normal
18,0.5313960749164697,0.4536568106945807,0.293260925550991,-0.1274019965575321,0.10598109945460886,0.5230030672241249,0.9580953031179033,0.06802191558368959,0.6615597862587618,0.20741383981449785,0.0,1,0,normal
19,-0.6523853815740128,-0.1391142665145504,-1.312964878614207,-0.7005386325678745,-0.6956767969550985,-1.2002682489359533,-0.43435306816367203,-0.18195590099463538,-1.1772570126347746,-0.8354024090406817,0.0,1,0,normal
20,-1.0333645572099126,-1.019757053539143,-0.9544716042568233,-1.302346876903081,-1.1786690909716446,-0.9185154092580052,-0.8516553762751649,-0.9037360871739902,-1.2390332352548634,-0.27250057390414983,0.0,1,0,normal
21,0.32767861175113816,-0.36892808229780005,-0.5498137929435567,-0.8383565545575618,-0.19165730960275368,-0.5021972138822728,-0.3591009671897226,0.24832602753756125,0.054586141170191095,0.2848306838641628,0.0,1,0,normal
22,-1.0013968305265164,-0.7140215824530233,-0.4841089822831019,-0.6604855584600519,-0.09091146915487576,-0.12266282739115086,-0.16580269249363844,-0.6164381857022514,-0.47297979991154576,-0.8116823413809574,0.0,1,0,normal
23,0.21473945979781306,0.01080299280360012,-0.1802590160955112,0.1082285070760537,0.2657810751690769,0.6640258124808432,0.9230097068456021,-0.6808422131874021,0.10242339792209469,-0.17150522914907682,0.0,1,0,normal
24,0.6043151706892529,0.6521463545041828,0.48473960483399026,0.7388486239924217,1.1367442577383002,0.8736926075835113,0.1223340866594759,1.3091347620937375,0.9209438193501919,1.3706485769879333,0.0,1,0,normal
25,0.4575026172049377,0.06818949701468714,1.6019201702468484,1.125731145972969,-0.057187279234218034,1.3718971895379235,-0.1718651726720325,0.2639745050959002,0.47013153276208247,-0.20892529422444575,0.0,1,0,normal
26,0.3321747371935752,-0.3093056982186903,0.20700841322661687,0.21762841271263614,0.65861918682254,-0.2230121120858647,0.4990852691382998,-0.06167206752003154,0.6589621217573363,0.0873038809801803,0.0,1,0,normal
27,0.03579766861435771,0.1445807220113834,0.16380340820712258,0.23245897088158532,0.37057337054105605,0.10243857151450689,0.30703565713163494,0.10346570846496408,0.15044392819828614,-0.2738511828472798,0.0,1,0,normal
28,0.5212608590715264,0.487995069521837,0.8115923436312532,0.8420335617117505,0.3701688096101391,-0.11181299508540014,0.08323735154864313,0.8597781622093038,-0.3617025094967405,0.5471837665651985,0.0,1,0,normal
29,-0.9104816388761336,-0.23604596469795297,-0.2993828887518075,-0.5057021874516244,0.010441596764772798,-0.28467240309991676,-0.18792451788775602,-0.4160714150845728,-0.10209025196375811,0.2371315030322484,0.0,1,0,normal
30,0.19747699904939323,0.2549606310880454,-0.5162101925078465,0.2382418173645093,0.3255560417754478,-0.12095148374903668,0.3862982376287063,-0.2757298395591135,1.1111135673587702,-0.18653625074728986,0.0,1,0,normal
31,-1.533049569984907,-0.2743025116787177,-0.7748352032423279,-0.9717045719702234,-0.7961309054492111,-0.7065609533667471,-1.3709043244625956,-1.5183182796535253,-0.8536649743551479,-0.8952577383960529,0.0,1,0,normal
32,-0.49949003631571715,-1.1090020716675575,-0.26645362573523673,-0.2814623575001683,-0.4143582740839946,-1.2221765292298805,-0.7662363232171505,-0.9477602318347137,-0.6900995136581224,-0.4111688742607269,0.0,1,0,normal
33,-0.5091427121342724,-0.6205587843421507,-0.8322535581973602,0.2757236068562746,0.19006929511323792,-0.7281461006723129,-0.8697743003965838,-0.14945638276051973,-0.6085624392358675,-0.5388290308586923,0.0,1,0,normal
34,-0.6139299750001908,-0.6519138030938344,-0.4834365465861357,-0.8717068908267818,-1.3300149821248286,-0.5913305889368579,-1.2987894789259202,-1.0322751125356653,-0.6009716515102675,-1.0073795161684993,0.0,1,0,normal
35,1.3978145243831694,1.8124977191472778,0.6332027710831324,1.9747468363382448,1.0531920462316868,1.581995507196854,0.7163593813287037,0.9673349781394257,1.128882459511846,1.59380424926523,0.0,1,0,normal
36,0.10431518232742126,-0.29517113999163763,-0.5473440877911078,0.10878308608888716,-0.22745199033272448,-0.07683150892507973,-0.13246521198059286,-0.0815285809998075,-0.6630943208255644,-0.25660778888746333,0.0,1,0,normal
37,0.2264709597569593,0.3782769474283815,0.10470271648711925,-0.029218422173978426,0.3857861205966752,-0.5100032939012343,0.036134398027431944,0.2212191044445551,0.45495142255447385,-0.4122893629206288,0.0,1,0,normal
38,0.4818784424472383,-0.2277956486207305,0.5414199372850804,-0.0010383761822005187,0.26348469247100514,-1.1137559583326162,0.1737655394246684,0.4793651186033396,-0.34713636894747923,-0.31431595593365114,0.0,1,0,normal
39,0.4206118963133982,-0.6298790941110763,0.05056354364746342,-0.6198319910255626,-0.599880257861029,0.550091202280004,0.0909414926526364,-0.1051047821667607,0.34649704889216293,-0.10948655081808256,0.0,1,0,normal
40,1.3165131206678435,1.037013067855238,1.5185213328819107,1.4855273574881211,1.2029030576444941,1.4076759350271302,1.531931751735307,1.2618982430812924,0.9483258141905437,1.2551137012607183,0.0,1,0,normal
41,0.17310681055462745,-0.38063145402158394,-0.5701058174418926,0.4595675549124977,0.49772247012091675,0.35109899060712174,0.0951844522935227,-0.10577098449467552,0.33036871468024104,0.15752582275630647,0.0,1,0,normal
42,-0.025550821237727346,1.4214036537811623,0.8403139133635218,0.6454311356200796,0.928511698690372,1.339827987637936,1.1742326077089904,0.702699866702902,0.40290689103626287,0.8889679780620978,0.0,1,0,normal
43,-0.35938571279085113,0.12592099090658754,-0.5361921850473071,-0.3188537900016876,-0.056868954943615206,0.7347925948308359,0.24061301368088794,-0.430611609768331,0.33995938561708366,-0.2564333205567798,0.0,1,0,normal
44,0.758418684799694,0.7208679076193738,0.3080573362070325,1.0293626006653638,0.14612582950475425,0.3884840106853507,0.4340132231570607,0.5830169106516175,1.1870918005984845,0.28460007042873137,0.0,1,0,normal
45,0.22697125344050806,0.23278508148242172,0.47909633761216003,-0.0011458806918912625,-0.19166032677606193,-0.040602034806686754,0.12157609247142981,-0.2893247929575319,-0.2579604896540247,0.7823959891344784,0.0,1,0,normal
46,0.20174920253476042,0.049918263218252566,0.18120871845261358,0.111742027337202,0.4822033673387701,-0.6583630087503147,0.3021729941582228,-0.18727704247690993,-0.45677381077239015,0.7094268518127481,0.0,1,0,normal
47,-0.48237979804465314,-0.49346441222032134,0.3024390079292638,-0.6053306609114312,-0.42500441233675496,0.8367086916499229,-0.25865839377049527,-0.3259527080368115,0.35438240883811856,-0.6645451903505655,0.0,1,0,normal
48,-0.34472097960108705,0.7700043458706743,-0.29480248342787885,-0.03502730981919728,-0.6926140341669057,-0.559071727709497,0.05315257868916668,-0.3069636788375883,-0.4112951888291323,-0.1301703715038423,0.0,1,0,normal
49,0.4013934399459584,0.05932343300349296,-0.5225922584470146,-0.19571561903003426,-0.004668470597852478,-0.06184038522411201,-0.49127867429166605,-0.08503278687349766,-0.28851064265439963,-0.06310998608110971,0.0,1,0,normal
50,-0.4744435821778977,-1.1699984302890394,-1.2770796904250308,-0.6153036611476026,-0.2146050388749204,-0.5759499261795704,-0.8831229084036264,0.18149747153066173,-0.4579015566162197,-0.604250882848956,0.0,1,0,normal
51,-0.4365538133237993,-0.6321882706676346,-1.0259637823587848,-1.8180585453505238,-1.224400024000264,-0.3666727669769238,0.04133128588903387,-1.3016105834595604,-0.2571766069712069,-0.633364672868124,0.0,1,0,normal
52,0.7668421237065713,1.4830275522210299,1.139137952290856,1.0428717194489883,0.6663776481504192,0.4989849847016626,1.0473671330878822,0.7579353858010986,0.6867417502309776,0.6715707782527262,0.0,1,0,normal
53,0.21833485696393354,1.1520893285972442,0.6028680902820053,1.047086862426816,0.5885985599710715,0.2737599146245178,0.8027873306253205,-0.17394937433669536,0.3893613236290334,0.5440137819351004,0.0,1,0,normal
54,-0.14274716121436154,-0.04574888642595474,-0.5900372256053663,-0.257059758220615,0.7092229515783822,0.785497714890157,0.2939938867271854,0.588370555233235,0.3136565974396458,0.3752830944662704,0.0,1,0,normal
55,0.6429518118870511,1.222229979108459,1.2060927652844957,0.8924447213832316,0.763643023425792,0.6061788838290222,1.0199636361603857,0.9524985809077963,1.0999015380391426,1.0593740834107275,0.0,1,0,normal
56,-0.011618562612618477,-0.5633652808728297,-0.649107265846186,-0.11906064024131689,-0.0620716518329396,-0.5064468915692374,-0.43624401925558226,0.2501163092700781,-0.5269488925892808,0.46372683012118193,0.0,1,0,normal
57,0.16249713906390162,0.09465997373185228,0.21612883364271904,0.2923597664463511,-0.03538922364269212,-0.2771261677249017,0.080057622754109,0.1283871649057394,0.13115431562651803,-0.39603676664088566,0.0,1,0,normal
58,0.7877818676150155,0.9482494505443212,0.7074622502929551,0.9463382385949254,0.6230696757850318,1.2645190057611804,0.9770732285844885,0.01180764050344998,0.9605583644627647,0.900734363624391,0.0,1,0,normal
59,0.927696088795891,1.9880694824771596,1.4115352647429649,1.471468593336512,1.4705119312909358,0.9631015260897198,1.2961218731578124,1.903408537427123,1.5519957430260753,0.541744446981621,0.0,1,0,normal
60,0.7775575954636492,0.027764518413541876,0.8444541386074685,0.40770859954503375,1.180422024512125,0.7409514249842373,0.4855176138484876,0.17224609322409348,1.5312065981239005,0.6927302071539315,0.0,1,0,normal
61,-0.5014747082805041,-0.06923304519891729,-0.9009188890111759,-0.4291655584985699,0.18149659733892043,-0.34539924826187746,0.07334722999240874,-0.6194189933409746,0.014136454535962524,-0.29610355112619974,0.0,1,0,normal
62,0.6669499175706957,1.1007944409499493,0.28222766945241395,0.2721578849933114,-0.0035128678145940236,1.0106193799614511,0.6393528383647309,0.5151280659084853,0.4005275373193466,0.9207946759151263,0.0,1,0,normal
63,0.25911267093340223,-0.6350180411125772,-0.020855494041124543,0.580889415448852,0.5612853940058011,0.7988915026846509,0.11973064520181635,0.06646050793769367,0.5123414928415788,0.23031748834928326,0.0,1,0,normal
64,0.03254675458314565,-0.8166890098857275,-0.822186429075275,-1.0731527798598313,-1.5106709381292198,-1.2060118633204315,-1.0013091775236813,-0.987244210134957,-0.3462482951657119,-1.3103955120088129,0.0,1,0,normal
65,1.0956343573061318,0.6676112115515482,0.8875668365719273,0.856576000947858,0.990825186745946,-0.056434347853248065,1.016492194544322,0.5809254931268267,1.0805960233830108,1.2675377830257728,0.0,1,0,normal
66,-1.1010843651180577,-1.1482106578773092,-0.5759229606897461,-0.8111228516399238,-0.6229173986418505,-1.3656100428423643,-1.3704579986365368,-1.3439203460718474,-0.6552442010305969,-1.3764013412407272,0.0,1,0,normal
67,0.9431586871651291,0.013816460884350634,0.8780198696092052,1.1626390919163903,0.7431490556063698,1.5871424732814658,0.3661048792470368,1.1988204466310513,1.3540464393996372,1.2492194128768392,0.0,1,0,normal
68,-0.34041758478775314,-0.5125655336179274,-0.3035340818766233,-0.24524597227316108,-0.8176544606397337,-0.23447208274069176,0.37360191571940427,-0.9133934118911206,-0.4914465833580764,-0.9197984350947754,0.0,1,0,normal
69,-0.22874335020414227,-0.6390387500398517,-0.630775896944822,-0.5702076269512663,-0.08475322645136867,-0.1946556815232158,-0.36849889962394844,-1.174320932345617,-0.30134779485783403,-0.3918010263337296,0.0,1,0,normal
70,-0.26657394572437443,-0.239675270615104,-0.48860990524823655,-0.18737637302278243,-0.14176403873189913,-0.39803517975173,-0.8396999529475788,-0.028445021860324028,1.0695150207513402,-0.24208937991414098,0.0,1,0,normal
71,-0.714691590181419,-0.3782180177789642,-0.7244585787331518,-0.2502987133518956,-0.9336221687608797,-0.20404933785389248,-1.0749240559672286,-0.5362037854654831,-0.7212571994106959,-0.7087821271334951,0.0,1,0,normal
72,0.26546692923087906,-0.3942700358163093,-0.10147013782041149,0.009688293129371339,-0.19300134029530025,0.5678390960904669,-0.6147889144437833,0.2415200782442271,0.1518368725939206,0.1437715880768964,0.0,1,0,normal
73,0.46844088758015584,-0.4008675844250027,-0.35403383056703036,-0.4016366208618079,-0.15423262078593206,0.7102489512794025,0.5391616196483578,0.5033973682882904,0.29410775515000187,-0.6647829806195591,0.0,1,0,normal
74,-0.22992346877704375,-1.0743003184475213,-0.7379949418316563,-0.001554876096312888,0.13609018290539338,0.03246904101552103,0.1296965645887969,-0.4434619788453576,-0.15040821938854426,-0.17396023673460914,0.0,1,0,normal
75,-0.12583014503973686,-0.9368420760653824,-0.70461840221171,-0.6279425007105998,-0.8317584511749968,-0.25060094445627396,0.22704870209021719,-0.7900699576965562,-0.3556986350196009,-1.2259696898997006,0.0,1,0,normal
76,-0.11638389489173838,0.16738522293343472,0.21731773902827498,0.3757893790098082,0.23130392186940515,0.18318590240227778,-0.31326727431961643,0.49794899269385073,-1.0274229842983265,-0.2801272195287809,0.0,1,0,normal
77,-0.4679226270195072,-0.11319920991726905,-1.2677423222100093,-0.4489864757666579,-0.9410281964606179,-0.8995850905855038,-0.9875867164735911,-1.0336135840235368,-0.7361532863861703,-0.11791140730090263,0.0,1,0,normal
78,-0.4709866905478522,-1.5015474762965306,-0.9445516335932956,-1.0042044969308155,-0.6196700039604451,-0.9603020710545956,-1.3732955565036127,-0.7283041078831107,-1.3099212988632516,-0.7911789477505697,0.0,1,0,normal
79,-0.0005602045880651838,-0.023167093589976772,-0.3532627109927489,0.13857012675018207,0.6056859428426759,-0.36386922812349387,0.047268731590688264,-0.11328056051104123,-0.03560115370508298,0.3855592277419545,0.0,1,0,normal
80,-0.04064865518574577,0.48399962025656357,0.8396590936122557,-0.2377553173497931,0.6805621639558392,0.6586265599089567,0.6649507609823747,0.03372171821377226,0.3806685867512712,0.7236815487490595,0.0,1,0,normal
81,0.07610413975122718,0.5978439504588652,0.39299978327823804,0.9479639515543411,0.6202307715880027,-0.04260931171548802,0.6472732477525246,0.8449660501146173,0.3281823770487864,0.3298501805007567,0.0,1,0,normal
82,-0.09891291334448084,-0.2790492760349279,0.2879965094882641,-0.05135735963179616,0.34104843347789193,0.1981058645780534,0.09886690080343162,0.1781428114679125,0.40780151277016746,0.05154691820725576,0.0,1,0,normal
83,0.7983688908998965,-0.7645822278807056,0.7732786120444092,-0.37000805943391574,-0.13567811506942706,0.5728650191264532,0.46623507500984546,0.371097665364363,1.033811900496127,-0.04442965166142726,0.0,1,0,normal
84,0.35149169300543287,-0.4086304445493742,0.3950272376525501,-0.652266845196914,-0.5611970343061348,0.3753235183646363,-0.598007682097954,-0.46092206192970864,-0.28555430074569527,-0.377437439104014,0.0,1,0,normal
85,-1.0561407610117894,-0.7168368024384557,-1.371124215300451,-1.0624416521862934,-0.7184787475540716,-1.2309394950857637,-0.13932492315867726,-2.0887935726338314,-1.299695608141752,-1.0083481557941176,0.0,1,0,normal
86,0.023132300342112343,0.46646989980846715,-0.5090857044705543,0.399975322043635,0.5483237206904644,0.22359822108328284,0.32912167009805526,-0.015550911033845885,0.2545826957927593,0.3102128633807972,0.0,1,0,normal
87,0.02122249163785111,0.5930273821625244,0.4002742703452164,0.36907670809197674,0.8486354449381731,0.48315318511481287,0.3719326135626167,1.1149351234716813,0.7831464493536612,0.5261666555667425,0.0,1,0,normal
88,-0.5268357078726195,-0.12558288265556516,-0.15155541138715187,-0.5797266913969457,-0.2711303488381313,-0.07871552975092784,-0.35194291584541915,-0.4554840673983026,0.316956164501146,0.6588954748072597,0.0,1,0,normal
89,0.22159355391196245,-0.7874929983870229,-0.9938333755674187,-0.36969947780926365,-0.39752736353358076,0.16812814127858416,0.6239527995607498,0.06737305900774514,0.3443093908232888,-0.14275518877926252,0.0,1,0,normal
90,0.26261802271953705,-0.0704273137198696,0.7338911838253355,0.3779405476252873,0.5603502681105359,0.28367671655296856,0.5417173780673873,1.0461016657119881,0.5855772245633953,0.35396131749891285,0.0,1,0,normal
91,-0.18103348142218037,-0.6158898257742258,-0.14844622080499104,-0.5266146776407465,0.1226229904336658,-0.7302459446750397,0.08049810822115107,0.5711399188301758,-0.605973914326134,-0.15319622450435508,0.0,1,0,normal
92,0.5678012725429785,-0.2810573768600029,0.985508395316375,0.6712315557865294,0.661561291424998,0.3369585425657448,0.9790066429937184,0.06086203333215866,0.27937156462825746,-0.04202469019792333,0.0,1,0,normal
93,-0.14013346444857613,0.24146653307987473,0.12621656712931661,0.024909579028102185,0.6350149348603539,0.16005370336165173,0.4231481382211044,0.40413711185357043,0.2603883415619396,-0.3509553656780934,0.0,1,0,normal
94,0.16134792663699288,0.2945274313650486,0.27944673550274024,-0.02054008778626435,0.4732825654669415,-0.4685491753010318,-0.5064758709194106,0.11798358144455094,-0.48297240912634803,0.11818076752055336,0.0,1,0,normal
95,0.20691626883012165,-1.4871645521485168,0.15028748686489893,0.23526040388591993,-0.35478631466454386,-0.9418521329857461,0.15604309481124673,0.3435235253421076,-0.10269333573480575,0.6068088760605289,0.0,1,0,normal
96,1.1332818214904268,1.0978418080417112,0.9295283113827879,0.532637709113348,1.6147024260879197,1.3955328006109462,0.8696078193885991,0.6937873243430236,1.1380374501362382,0.2679569131346008,0.0,1,0,normal
97,-0.8593260689228612,-0.9001791956140387,-0.5795170611089899,-0.8737850365115755,-1.5565188315705534,-0.8416702376614352,-1.1402917112612287,-0.8204367483296678,-0.8160724797821765,-0.6868876841794537,0.0,1,0,normal
98,0.11970498807260385,0.32511106788516403,-0.37050342013431237,-0.0494876197836635,0.0017531404022809224,0.15895482783533119,0.4457179232076856,-0.03823207546364036,0.1883154942628971,0.8058528793350673,0.0,1,0,normal
99,-0.8224863568983346,-0.37386451025298967,-0.2851726385299358,-0.08355811393313298,0.21978195731047195,-0.19570544170047546,-0.5866599227835697,0.15213279612170957,-0.36186704182350526,-0.2632573138355545,0.0,1,0,normal
100,0.054922037111149395,-0.24819713823563186,-0.5392144395453239,-0.6298399342854512,-0.03519299608477089,-0.9815922332802557,-0.42679556350760384,-0.9249864652371474,-0.9320278238561838,-0.22305668295299444,0.0,1,0,normal
101,0.7653151720326069,1.201379076836881,1.3197305234126064,0.9624372976218253,0.906656226702975,0.9289083404102332,1.285699620499921,1.135460303620771,0.7374323922488509,1.0897040722289804,1.0,2,1,normal
102,2.222973744985781,1.8604384432728518,1.4838409106230679,1.3651782409218582,1.1704043003904498,1.8154049056846935,1.6231779374090072,1.4748564546463883,2.2938796622749047,1.6202166616821976,1.0,2,0,normal
103,0.9253688292373757,1.1781172340101,0.7469425717346614,0.07306420620390097,1.0627376443126062,0.7627350826114337,0.018394173826410953,1.117115192274947,1.0543208000048576,1.1536585320999952,1.0,2,0,normal
104,0.40794616037121656,0.5725156003185581,0.5861294101708305,0.05493287481387943,0.018888701895868554,0.1894719250908169,0.6196994898547488,0.31818222124335915,0.09816040754499322,0.468491711228081,1.0,2,0,normal
105,1.8937071299536212,1.655873402185347,1.1299387981460636,1.3333235085204387,1.6914207058445245,1.6431676958633843,1.1895626025426407,1.2999961193653935,1.7002051085198668,1.821560712156997,1.0,2,0,normal
106,1.6219539764181956,1.8676559006547557,1.7278413229658314,1.027869264876948,2.252550004997695,1.6024023440916095,1.8525657242389908,2.053443287683839,0.9668514107355305,1.996202384129432,1.0,2,0,normal
107,1.6205077016418001,0.9986477177129172,1.5539716283886464,0.6886970531805354,1.0947070335212157,1.1694725025559485,0.5747892183502461,1.2808728087286143,0.7144044433637046,1.166485401516273,1.0,2,0,normal
108,0.7009654016107906,1.6801033863622323,0.8779830453867279,0.6773655077364935,1.3440517229474074,2.001874580219382,1.4940910278916728,0.3977499829178377,1.3064944721936524,0.6243391160922503,1.0,2,0,normal
109,0.8076223257753045,0.7683323316604235,1.1186589351918863,1.0136940541174637,0.7485923246173677,0.36742475551053644,0.41495071083825374,1.199956119343999,1.1354271448427384,1.057283894843083,1.0,2,0,normal
110,1.3376792319980129,1.787706494944941,1.6302624847870872,0.897459936351812,1.627447268344051,1.1012912558688157,1.848791123310821,0.9289546756782817,1.0459567408556547,1.1399914397191924,1.0,2,0,normal
111,0.5913677770563757,0.6474678620770629,0.774573522562833,-0.1352619389240226,0.5600240248163294,-0.15158728110089048,-0.06693046459167151,0.6733235054262419,0.39026996475274134,0.3740863454053067,1.0,2,0,normal
112,0.06538023791545089,-0.18470475318629864,0.34895189380777414,0.197123226668942,-0.2261783634254717,0.3184989584567879,0.652838636847213,0.26710647250486774,0.10318452230794595,0.10979697158573798,1.0,2,0,normal
113,0.7484022088015118,-0.018747653326853575,0.7545084882433131,0.7737050490393069,0.45760712303662787,1.003896196106636,1.4349854067950119,0.6384529058238047,0.7678473498710517,0.9119434709327385,1.0,2,0,normal
114,1.4052132833555337,1.5139987542543403,1.4802697153309323,1.3070507081406983,1.6999686499854223,1.505630225766569,1.698082934735873,1.9630865027175037,0.9696122076394458,1.475813333836046,1.0,2,0,normal
115,-0.8169507052907885,0.506200582410289,0.4521882886914962,-0.06961552512282809,-0.4633957198448293,0.26180638115005783,0.404213526341921,0.45186485703736035,-0.02293897140042578,-0.35008574323971864,1.0,2,0,normal
116,1.2504007758472346,0.33973240130112947,0.034192816576680385,1.2398052572843454,1.3022323310908388,1.3979467258407663,0.9646475407439659,0.7099896521488,1.0156353312361357,0.7123951519738361,1.0,2,0,normal
117,1.5327711398931978,1.5483098318339703,1.5484965106413986,1.360351100323716,1.4982022133646458,2.417410692186375,2.366186739816249,0.7962563869836756,1.9589982567047817,1.6354333724488201,1.0,2,0,normal
118,0.9438972624852688,1.8753274476191684,1.8365053721614562,1.7928432235546268,1.372253354955102,1.9344503671168503,1.2534489857415532,1.4885648119542838,2.1506385480572145,1.8019620638390554,1.0,2,0,normal
119,2.055154193649251,1.6547487042605271,1.934733199605396,1.7239480889155363,1.3667700357846462,2.0543137201472446,1.3796334892302435,1.6861213642572377,1.5271474386106525,2.0286558081264587,1.0,2,0,normal
120,0.5104743247530001,-0.2872698276088894,0.6854264145855138,0.619824427019778,0.3258646468492371,-0.3939333601442814,-0.06221713382132532,0.8052049325042574,-0.35862911479515724,-0.4418330107248647,1.0,2,0,normal
121,1.5636352396816728,1.8707588455703594,2.57514374250096,1.5199845118939832,1.5366920946851212,1.3870563866223513,1.3662662364508895,1.720854683646018,1.9581154551282434,1.9242365048601853,1.0,2,0,normal
122,0.3226091788321248,1.0060796279573376,0.02873861190110194,-0.16446240286967773,0.03576216626088291,0.155097870752682,-0.0038724326247936425,1.0380616383997625,1.4876465182349654,1.1174163738523673,1.0,2,0,normal
123,1.4991231420016466,1.1789952304025655,1.1491226329190551,0.5840363050627634,1.0495375443015917,0.6238818165100796,1.237063846230737,0.9720387868574373,0.7747747977115426,1.1808232706989665,1.0,2,0,normal
124,0.8959041798855697,1.9209389718369385,1.5074000242660273,1.3515806200833926,0.9060042114001452,1.7077364953422416,1.1543568919965512,1.2670072529251286,1.1000324902251215,1.2733952984474162,1.0,2,0,normal
125,-0.08460167864545554,-0.24523241214799651,0.3331944693356905,0.9175354444262347,0.5028407973284912,-0.45412130027213604,0.3096393530481424,0.3660770514404237,0.7600989303557097,0.42753219978708257,1.0,2,0,normal
126,1.014409858686931,0.2190954450568785,1.0474400295021196,0.08044429801278374,-0.0038602565722529736,0.539393361976523,0.5330129717530382,0.30043280482702606,0.24516122085039194,0.5955167693887161,1.0,2,0,normal
127,0.4749158478362261,0.6518825188698779,0.6436301302019991,0.3857495927817821,0.6806866919708507,0.43405937461849997,0.03447483700237641,0.20865477507964847,0.5954224625998965,0.281762513626717,1.0,2,0,normal
128,0.6699034498278496,-0.0014020686735438659,0.21992470803124098,-0.23332970315058943,0.3289674879636221,0.607180998836836,-0.19701198831015354,0.05208842920322909,-0.09190756224934993,0.019387910222666727,1.0,2,0,normal
129,-0.46745178922969166,0.719653390173387,1.1069190894528984,0.20162510657643906,-0.00036826474651374674,0.6235382450849472,-0.0536639425337595,1.0263377111620533,-0.027713061991545995,0.1719558964863236,1.0,2,0,normal
130,0.7434337303677429,0.5701803217153424,0.5474073892967322,1.1269764717476878,0.9378641893167071,0.8978229083000321,0.7651101294796205,1.4195284157725432,1.727119084522791,0.3120817371545689,1.0,2,0,normal
131,0.20412525661985836,0.928181264953392,0.06451703102312689,1.2781859638792592,1.2425822999477658,1.6661020896676546,0.43280578148935456,0.778935298952422,1.2253287183354085,1.8790714090494829,1.0,2,0,normal
132,1.9578917995346568,2.0641049236053775,1.0370801916475982,1.662014547852937,1.9168115031859543,1.6914929781147188,1.8177699100234395,2.0642893527367034,1.2614722131327853,1.1498105238923588,1.0,2,0,normal
133,1.2208002963905904,1.7206778709050257,1.371004216322742,1.5261532664191233,1.1975931057796547,0.9235496766898461,1.7953755902558253,1.6204909553856677,1.9027616038968223,0.9899387415944451,1.0,2,0,normal
134,1.6591243317574529,2.0198253333048064,3.0897153852767127,1.9651819029435198,2.59430614515942,1.785285127014225,2.276395195238681,1.904954016272729,1.6725245267495814,1.5728738439650958,1.0,2,0,normal
135,1.604993023866803,1.3904917012475044,1.7671549245014728,0.9150803585930422,1.7650841519503775,0.9191523647374567,1.8841363520097882,1.6900228787567775,1.5682764475993798,0.9737137011465195,1.0,2,0,normal
136,1.3485216045989474,1.026240607511521,0.9819066444657818,1.746815933202013,0.8523709667346859,1.1573456249606608,1.117512424245878,1.604439430226126,0.7628676445824941,0.8212727168616785,1.0,2,0,normal
137,1.5487177120260198,1.5250280506225535,1.582110155333268,0.7779395493828902,1.0914222678679266,1.7365609592299944,0.7324130081452143,1.5491465752202829,0.6694800719195924,0.9076155563519166,1.0,2,0,normal
138,2.1547925432651045,2.3543920837705645,1.854553037916902,1.7333788274503643,1.7595437793213555,1.714048618371502,1.990987474641659,1.4342033310047393,2.155658966157214,1.3499814320990953,1.0,2,0,normal
139,-0.7415330805108751,0.09452575156482823,0.5926114529790557,-0.13349627340349635,0.16157150812541632,0.24669417691619722,0.9979132195564518,0.5065785994220223,0.6684456134117935,0.7255907787596602,1.0,2,0,normal
140,1.9199387709423936,0.8020020766211039,1.589656036838004,0.5377952345595816,1.5731281252585085,1.2659279297219865,1.8705102995897274,1.7550563399765324,1.2213199553444887,1.235762111142608,1.0,2,0,normal
141,0.2172666595956233,0.5369269656846003,0.32292245194129987,0.04577922353321362,0.4645411183588716,0.5137801265330899,0.5067965362542937,0.29431507303405535,0.39475170321551,0.06598281440029752,1.0,2,0,normal
142,2.0543340657006777,1.154282109215521,1.4945993517767713,1.4755402209814397,0.5980738891148684,1.6782086459040788,1.6116091192330066,0.7876497096105884,0.22037409178666767,1.27611154164854,1.0,2,0,normal
143,1.0449761628426486,1.4026846702890572,1.3336126911951707,1.1303513876635047,1.1702273658590194,1.283724952978849,1.0731513520953526,0.6767939386919416,0.5712627522227407,1.5323935154108688,1.0,2,0,normal
144,0.8107256205170152,1.5992569986190555,0.6869410331262831,1.4247415403434545,0.42151740583583475,0.5885332124140409,1.318123720392526,1.7476117131638333,1.8986644167628866,1.0244646980597916,1.0,2,0,normal
145,1.5055102597497463,1.1416859392435907,1.2743120489717417,1.1567011776730254,1.2874222599068905,2.0274755981035124,2.1051237525953823,1.1943684201189622,0.530464190758914,1.5071405267455815,1.0,2,0,normal
146,1.370060263987877,1.2923697811057027,1.792378886631014,1.5437763240475468,0.7694390704663883,1.07120296592547,1.744563129400627,0.5483932063055964,0.7954088760445147,0.8995243417044589,1.0,2,0,normal
147,0.19330061795937048,-0.15632249527519204,0.0527731012191367,1.0124887850145639,0.34355878194825373,0.38875743054276235,0.3141210014506478,1.279655419374523,0.550044060628049,0.6170204840315885,1.0,2,0,normal
148,1.3519190263728367,1.5155110972487158,0.6732241944234563,0.8681286504200056,0.24133720569008588,0.5014124287860097,1.654980486865663,0.4580653113900388,1.491987744129056,0.6289487987959397,1.0,2,0,normal
149,0.9544247216149832,0.7897200940507073,0.8352573510362221,1.0756490783782486,0.2991112652390816,0.3309416419783764,0.9130210602844866,0.6188050218998269,0.6256335081464435,1.0319390801902282,1.0,2,0,normal
150,1.3375585354944008,0.9154046025482696,1.658684836961707,1.3689459168057447,0.7344426235697217,1.3036612845388635,1.457583408309292,1.3501497182345117,1.8311066328763297,1.5013988194387453,1.0,2,0,normal
151,1.0883382868368547,1.3916576717677684,2.0609590592055502,1.1916647172302488,1.834452512966735,0.9208721154438029,0.5702764866337241,1.4758206009493318,1.4092856094213375,1.2349952705089418,1.0,2,0,normal
152,1.163279054887038,0.23311583285195725,0.9136226538403828,0.47400936549844797,1.4515953475960885,1.3249550984828282,0.8433201230160303,0.6860111913927422,1.8342173888323479,0.6947122269796286,1.0,2,0,normal
153,0.7013755648644273,2.0493254631867917,1.0223849243829546,1.6687813088692505,1.9239668966333232,1.8139522809844317,2.4767333744444957,1.920380798094269,1.8287905563623024,1.7110192899150014,1.0,2,0,normal
154,0.801982566442517,1.2293735290453793,0.26944114264393226,1.5459891814774092,0.2482666764526319,0.05112548386125293,0.8073502250535787,0.28271884574965,0.9968251652986083,0.6499756319956779,1.0,2,0,normal
155,1.455036933391549,1.2565594718931001,1.2937757024530003,1.6189732372681838,1.0490901828175723,0.788297157160265,0.46917154797599714,1.385447718827547,1.193054832189761,0.95488984093174,1.0,2,0,normal
156,1.613368825891953,1.8558379698070357,2.2088677713418488,1.405612469173815,1.8059778064177725,2.315985799678237,1.5827432912544617,1.9066565409390415,2.138578933976201,1.9614632077673448,1.0,2,0,normal
157,1.2714432647852307,0.634793043384053,1.55112481728802,0.969850134368759,0.9909974793896266,1.5778235381001298,0.8805724946748159,1.4175439541747052,1.767156037615849,1.139013133412416,1.0,2,0,normal
158,0.9050869746224004,1.1211168847093156,0.1769296153335167,0.65454592763848,1.1408166395310295,1.4760646957677093,0.8916395209069975,0.7054231301703935,1.2947702651395891,1.492571804268198,1.0,2,0,normal
159,0.2761010083448706,0.17223830984939414,0.00251715229095284,0.5098072091258001,0.5263781367830536,0.7550265563926807,-0.6151487228954946,0.27066431166057847,0.9092992688407701,0.5163798242773876,1.0,2,0,normal
160,1.2600828359417378,1.4458704304596757,2.456030159523734,1.894189951388619,1.7896919735251355,1.8705308172490152,1.9761542514623303,1.7326680041346845,1.879721950898507,1.4764474728424481,1.0,2,0,normal
161,1.447008931755586,0.8444459658349791,0.9232445116750926,0.8679199784733216,1.4563806707664488,0.7393692725941183,1.3561851963009952,0.7275889744624935,1.4112051382357769,0.5349725317805654,1.0,2,0,normal
162,0.7455092774628478,0.5709584095261259,1.000623043135466,0.6352028038029307,0.4715185620420871,0.32621217355615906,1.9956887857521886,0.7321713471856341,0.7925892987603925,1.1119008191447048,1.0,2,0,normal
163,0.6930399151073926,1.0676056524787774,0.7607154865874619,0.5483707984296485,1.5139450505623453,0.7704935163881422,-0.1617030072966712,0.9077634807471997,0.2667231346367721,0.39238204338311,1.0,2,0,normal
164,1.3794092182040756,1.6441589873727875,1.7308713359184709,1.726911010101157,2.243525210497028,1.8722834615157415,1.2416292307941792,2.0225419674714926,1.6933686511067307,1.2918365644673002,1.0,2,0,normal
165,2.010493260526265,1.551660936325514,1.7720834632598985,1.1723688519114561,1.5577646964725402,2.6671009614514047,1.8656520458751382,2.265565737148151,1.5436210020867298,1.8503028202407545,1.0,2,0,normal
166,1.752017050805537,1.2793308015603388,1.4988582364399448,1.3232495191246652,0.7008126184309951,0.7488235384715727,1.1982566957726524,1.0199833546022716,1.6102944948011584,1.7116742693012308,1.0,2,0,normal
167,-0.743888988090184,-0.5498825525213449,-0.1607220585588347,0.14213362180951672,-0.3418533150945702,-0.27561838301049524,-0.39363273557422973,-0.27127680864784764,-0.928032391384489,0.12603986194880235,1.0,2,0,normal
168,0.46296901643263244,1.012910370458243,0.8651548086375107,1.1772116875653384,0.9214430501151286,1.3834158079645897,1.2204712427943707,0.703648497199741,1.072389419202238,1.6816956164624466,1.0,2,0,normal
169,1.4654888748829498,2.2029060024723206,1.7930360197905866,1.5322436319790163,2.032504386233936,1.9516735691664029,1.7505676086808513,2.2441837099240924,1.4967856922869276,1.9530966386193742,1.0,2,0,normal
170,0.7223783463337234,1.438716639727244,0.725518853763259,0.843864752798639,1.5883339363600788,2.3988698618318045,1.3211463920609876,1.4748877437493586,1.4410188491297726,1.0468858155090177,1.0,2,0,normal
171,1.4517748359986709,1.5933377361580057,2.0320016686786007,1.5945218785530144,1.882347610088932,1.5354974775132546,1.7796309289638503,1.691156926740176,2.156623356425712,0.6137282243807637,1.0,2,0,normal
172,0.489904150396853,0.9302614885958213,1.699708005559843,1.1455433497656489,1.6085398313503132,1.195337227467821,1.3159854175011187,1.5485176405289414,1.7387276387745665,1.588106221319681,1.0,2,0,normal
173,-0.10134693449114729,0.48295759939554095,0.49408986355478357,0.8135779612605912,0.4307413471960818,0.35389710332102586,0.13901877277906993,1.008922144754834,-0.17290177157115116,0.6730014491716586,1.0,2,0,normal
174,1.0396725937126856,1.0929193428577448,0.7501934108561399,0.8875841209501188,1.1878111393864228,1.0529226179874243,0.8645700612341182,1.4304774060227745,1.6270907561825325,0.5767703784270366,1.0,2,0,normal
175,1.7609489261638627,1.4838303355623266,0.9388999540805993,1.4709719861368817,1.09768668077063,1.2262718412282143,0.8381925992077323,0.8410564249714125,1.5699960462946365,0.9533435246098757,1.0,2,0,normal
176,1.2072772091333166,1.4856745107952325,1.0833341816963513,1.712887109238297,1.6130574543874736,2.1983145322468713,2.023895636997392,0.9860994496182497,1.1053872561066531,0.930999598968665,1.0,2,0,normal
177,1.3744301288721947,2.7177959540555596,1.2311599209426645,1.2332607294230133,1.6081132462834167,2.050014062484432,1.244410405035104,1.7322210862767715,2.0385679663914904,1.3714344048774763,1.0,2,0,normal
178,1.2797998660601617,1.7843754301248003,0.7773747118889889,1.5266611179043994,1.2241934823746565,1.4541272421907905,0.8049015357141694,1.8789525308948658,0.5749551221788314,1.228047908507079,1.0,2,0,normal
179,0.5809071250089729,0.9127580284078012,0.6048402869074267,0.6114964805272882,-0.3128015228862162,0.39772089768424035,1.2181180023392333,1.0820005538580297,0.4591541055591233,-0.0957881260713711,1.0,2,0,normal
180,1.9278342234073493,1.7692960619092277,1.7471449563050165,1.3919754354321443,2.01664877933182,1.9761082194718016,1.8891547965895,1.9824378813986006,2.3744873352122218,2.2322975890084398,1.0,2,0,normal
181,1.184853298174809,1.3550325301137902,0.974750987292598,1.1252679292328733,0.46105352882826245,1.2057230549472775,0.8696872832639433,0.5977865133104592,1.1461206344539474,1.3025751973493918,1.0,2,0,normal
182,1.3707821252251486,2.081355341383085,2.363840808117115,2.2197727042641495,2.2322757673425473,2.409326001804301,2.23914513236028,1.7668607262025473,2.0619895621258744,2.2148018106927925,1.0,2,0,normal
183,2.4655731651335264,2.068844275435941,1.8444690140133349,1.8098690747796669,2.872997821592093,2.346464852768558,2.4301413788019426,1.7531424927321941,1.9547198295801098,2.283155444451343,1.0,2,0,normal
184,0.6016884086544394,0.24936456087572278,1.1549190555021722,0.6937585164916752,0.2488255890291713,0.6519350385711823,0.658176253312619,0.7984672153903172,0.26215921079256854,0.4866521662441974,1.0,2,0,normal
185,1.3336692959658514,1.5706856479454543,1.1596803196597807,1.131074389840919,0.9002481927295686,1.1008276789996108,1.1657030804894486,0.9028084307360474,2.232896153445158,1.7987364157893586,1.0,2,0,normal
186,1.445043400382231,0.8405244893094752,1.5568995233185472,1.5409831454852734,1.4097113108145591,1.7813526090490703,1.1575229538355245,1.2626538961582423,1.0874335457302564,1.5185247161391051,1.0,2,0,normal
187,0.23352388659166623,0.7623322736989031,0.5312349211119399,0.7785759687108319,1.2459460583417483,0.5488086083636599,0.4945623285397387,0.4498952200773958,0.4026309300176234,0.8728425623200234,1.0,2,0,normal
188,0.3042071456404055,-0.06019839661385795,1.1241584371855478,0.21810993503541565,0.21232656845621045,1.397414805056343,0.5018565280593852,-0.12226955524750638,0.8784102988289687,0.6522647386947471,1.0,2,0,normal
189,1.1156915621678094,0.7333428726694337,-0.055258391703026266,-0.13857781377938694,0.7078001532125457,0.7684568534218126,0.34704096531852524,0.9470912347090038,0.8148764399600262,0.6912993697744758,1.0,2,0,normal
190,0.13723503131808135,0.064163637342731,0.34305001698912574,0.4790412978604238,0.18433142464943064,1.0100502959707813,0.05769312302301233,0.6819816261308254,1.2455564079297887,0.04683400900508983,1.0,2,0,normal
191,1.7048754126356096,1.4265240683564437,1.077426856919056,1.59117072310934,1.1974216036108265,1.2914501056106438,1.074662257894054,0.9186212089351223,1.3539726928724578,1.476404977154806,1.0,2,0,normal
192,1.6253372792217964,0.8818284227648248,1.369177738032211,2.1822621567849882,1.0263370267005254,2.021996058018793,0.8664300556936348,0.5761601421292779,2.4539895869552195,1.3766534343826027,1.0,2,0,normal
193,1.9911676672867102,1.839379973984606,1.852324442438313,1.5173364212148783,0.7885348585429389,1.6673130810977115,1.2478973188205416,2.0592483279540867,1.2419517140336451,1.9334302288674774,1.0,2,0,normal
194,1.8165875801561087,1.6886435581796353,1.77257621536349,1.458347972823963,2.097340843288892,1.7431751486345526,2.3629086339944463,2.8118138345963786,1.7490703286019176,2.148303817793575,1.0,2,0,normal
195,1.7502194169203809,2.4421549318630182,1.3045474530791619,1.7143806866293319,0.8001521622340203,1.8944103616948134,1.3698820500524538,1.7190478073508522,2.5380838026523618,1.6208993663525768,1.0,2,0,normal
196,1.058494151906636,0.7443260549032251,0.8813253431570393,1.1388306050194565,0.0698624467771718,1.1134503829599098,1.3137407342732148,1.149437810827055,1.1352669166269234,1.0786564180500897,1.0,2,0,normal
197,0.6724441794489642,1.2247799120509428,0.7416177147861764,0.6260229580130159,0.9130474218430781,0.9278503650719127,1.1083313076529102,1.0159183929500568,1.0076504620967606,0.8400898726223167,1.0,2,0,normal
198,1.0196738619628785,1.3233190214033939,1.6932059074415489,0.5007459614515968,1.5572499625462166,1.0062385822593158,0.502453809838702,1.640522575042762,0.7876869317567864,1.2925197969291666,1.0,2,0,normal
199,0.6983146283996928,0.4304264896181923,0.6971001597902629,0.8187258095703197,0.8520524391334965,0.8631826057370626,1.1295072698062598,1.0632781789760604,1.2736159973625782,1.2161655433751253,1.0,2,0,normal
200,0.9810706834939633,1.5669376163312658,0.4650731388468482,0.67552474450759,0.8458196398303583,0.5455999640899812,0.7954966053230659,0.7452037197604261,0.3597031465005621,0.8266319712215011,1.0,2,0,normal
201,0.008997764833672222,0.5093056182186825,0.682961111810997,-0.31747546847854546,0.39289835465728074,-0.2821802860423353,0.3941605750376906,0.5303330474558426,0.3398125555319558,0.2777553103176601,0.0,3,1,normal
202,1.362701103497898,0.8112000445724632,0.8262107455878996,1.176489592423348,0.6280185553077972,0.2118294152260457,0.5672045813857154,0.5451028835443739,0.5012460288432038,0.4672213771978732,0.0,3,0,normal
203,-0.2984987286891887,-0.1505594002948355,0.12025028937049874,-0.202365079837464,-0.6228350708826951,-0.5505514625880149,0.20258313129683958,0.1210374715633333,0.5147473727841395,0.7837993964915674,0.0,3,0,normal
204,-0.9155633845599239,-0.606535735008729,-1.0875533515962907,-0.6966761360982785,-0.22411309987093755,-0.583127110210658,-0.799449781840543,-0.8051129201720637,-0.6237117082721959,-1.000672642901618,0.0,3,0,normal
205,-0.27531700021611966,-0.9548221158185217,-0.45647444114552366,-0.8405440445969173,-0.21607650629594963,-0.5837349640686441,-0.47309976177060337,-1.2570572522736023,0.013441921622790646,-0.13461843658725411,0.0,3,0,normal
206,-0.8803884695328859,-0.7794737554273482,-0.548877057069831,-0.14766776333422463,0.051927380835580385,-1.1812797921355247,-0.42629606087002214,0.19000406624648158,-0.9411458476956547,0.3591652898434016,0.0,3,0,normal
207,1.444964756000687,0.6702436039190737,0.9430227302132139,0.6231459041067025,0.7135675747153412,0.6703728939046467,0.9927625838244073,0.5169217976045748,0.6025409722046196,0.9437502265651431,0.0,3,0,normal
208,-0.3249004389906749,-0.08468641533842593,-0.4898487082339871,0.446392414055088,-0.3189802893086263,0.9326737768152997,0.30266002845486767,0.5660220318251504,0.4119796989028094,0.47901623833893103,0.0,3,0,normal
209,-0.08636183532780996,-0.07355426794821175,-0.49373255454899406,0.03585095805568547,-0.44900008274529224,-0.244404233427583,-0.11190059172864492,0.18912647911745528,-0.49849737837741187,-0.5532894276116422,0.0,3,0,normal
210,0.12175596520724276,0.42840675876307505,-0.860710047041948,-0.12434999209873768,-0.07030599760469075,-0.4686501745773977,0.28630693267132495,0.023252324213122035,-0.41574597845779726,-0.014978124522740523,0.0,3,0,normal
211,-0.7739916976220617,0.003131665395595578,-0.3728627153675193,-0.11354410026051608,-0.5148674921596925,-0.1705079284355176,0.40840789581850756,0.008378936934715435,-0.2819517274190212,0.3673136096411732,0.0,3,0,normal
212,-0.03677421138033334,0.04268624615560186,-0.19674016014331522,-0.07227367863074567,-0.10065601937263943,-0.4287951808799716,-0.3673751208936583,-0.5272241700288032,-0.3271992232969549,-0.17707135261176857,0.0,3,0,normal
213,-0.2953283769785879,0.07676729122351227,-0.209159559029606,-0.441230359975695,-0.7927435853895989,-0.40251631362871393,0.4119230975483796,-0.5070654830604646,-0.6178299467110229,-0.33856417637500297,0.0,3,0,normal
214,0.8039757080730003,0.30931817178191207,-0.09231294588089285,-0.5343159285456617,-0.22087134555126997,0.1332241668195959,-0.218242700464183,-0.3305189904454288,-0.32612116165820076,-0.0741693528407826,0.0,3,0,normal
215,-0.06874736262744915,0.11336607242305949,-0.07096161897632486,-0.05228574625946784,0.8725576565363219,-0.107386909556576,-0.4835271919622328,-0.476038376950933,0.30632979783255865,0.49968516334057117,0.0,3,0,normal
216,0.3044116276516889,-0.26583850365548256,0.2851757555717322,0.058729047696803614,-0.32954092761420983,-0.09173252189462873,0.31078013876960364,0.22388431730330427,0.23105689122226974,-0.370484273796827,0.0,3,0,normal
217,-0.054117833057630176,0.10625425103744507,0.09187166541738366,0.5937181722277983,0.48293277293120707,-0.5044067743840641,1.4774116672898516,0.13322649837478656,0.06243861993045416,0.5377993443623302,0.0,3,0,normal
218,0.08159196193501977,0.3851638153534262,0.7570171760962776,0.605764531662076,0.38363900620503066,0.7277748387695472,0.6837638437059244,0.28558136319799576,0.7161882555846184,0.14872849484070969,0.0,3,0,normal
219,-1.104353289848844,-0.9995991898402345,-0.49658972011354235,-1.9598862601031555,-1.866452595800128,-1.0218141713647244,-1.175204880513721,-0.9109442344094509,-0.9209111087473791,-1.449132370565429,0.0,3,0,normal
220,-0.7496199384182508,-0.6665189632701296,-0.41032994604004713,-0.1605632796574607,-0.8874718071112,0.04838576093892553,-0.5999263769626145,-0.3798433086440754,-0.2803470232496731,0.011017935969327793,0.0,3,0,normal
221,0.23783115274292768,0.15148603498890081,0.5511516592498138,0.6701701901166055,0.38715896794607774,0.3871932780914726,0.030808749196453475,0.2758219748399688,0.019403166234263473,0.317108524882999,0.0,3,0,normal
222,-0.08368460193091425,-1.0260491893161148,-0.6510101638944841,-0.6657426645152452,0.07455350504297607,-0.6910954959468375,-0.4646994006432046,-0.43217382116161057,-0.7003078694043666,0.2041373144471761,0.0,3,0,normal
223,-0.3343281061062835,0.0806035991751953,0.758599684647096,-0.5504724299703605,-0.03527067737208293,0.030031201107032803,-0.0466816943560443,-0.2891401115770019,0.14455368001716143,-0.2780572463195208,0.0,3,0,normal
224,-0.6681727798807775,-0.33962068371680404,-0.5413041952426375,-0.4859304930156316,-0.5329435440747656,0.13787179690203855,-0.2945808594012007,0.11745536160198014,-0.5410607691099245,0.425771500550438,0.0,3,0,normal
225,-0.9861263718972468,-0.2314375934444944,-0.7301048322589353,-0.5146564158174622,-1.0887214146441462,-0.6193292577868987,-1.2404979840438746,-0.051595704069140005,-0.9091495447166812,-0.5282349839201609,0.0,3,0,normal
226,0.5507256030666247,0.7863998408005326,0.9530133079416293,1.0096922822108856,0.25079964895497503,0.5905406883079747,0.45798001995749404,-0.15571154116299318,1.1785376063593764,0.19582444846515717,0.0,3,0,normal
227,1.0459046718946834,1.1999712215920306,0.7181801067663303,1.6006751188566506,1.5513371069912618,1.3105023230992017,1.7870551350466308,1.4683858042727582,1.4046394689973793,1.255858835816477,0.0,3,0,normal
228,-0.6343419475905004,-0.9136753879815894,-0.29660751413014996,0.13930176926730334,-0.019749764713326453,0.6037108227955907,-1.0788304040608725,-0.6460604183847474,-0.1402751012230979,0.6496675103691278,0.0,3,0,normal
229,-0.6883737195703975,-1.2708844455837869,-0.2699133599785027,-0.6104007742091372,-0.031021271465633514,-0.3029413251470139,-0.6061373935722747,-1.3042855724087636,-1.0096077492422402,-0.839243161268773,0.0,3,0,normal
230,0.1687186612533225,-0.40906778300455016,-0.46713987475820584,0.13540720137337825,-0.18203739152766965,-0.8229521573562686,0.6700125607719806,-0.7710586905361941,-0.3926655654985431,-0.43609849776367526,0.0,3,0,normal
231,-0.051878005283603604,0.4069286823144301,0.7672590002548016,0.2795087556823742,-0.7156873222644662,0.8179152084496215,0.9048065465795944,0.2952298725671889,-0.025765193526461606,0.07304744850570016,0.0,3,0,normal
232,-0.3612200540140485,-0.5739549441446262,0.3466052566088075,-0.3980701358609336,-0.10569683671123922,-0.7806741478110975,-0.7182997160529628,-0.8104197842360736,-0.585350470639754,-0.6511186904572062,0.0,3,0,normal
233,0.22671340860098949,0.07825664268427814,-0.2710036225401206,-1.1990807428765116,0.4977346785887865,-0.12368852388407016,-1.051420287200975,-0.24780498456108016,0.044695757115203676,-0.30864319818154323,0.0,3,0,normal
234,-0.06411904913648138,0.8778516545136812,0.9113861923569065,0.24578312312703438,0.47771222599757096,0.6555303703398772,1.3252169967873,-0.18427570514907304,0.2514959617207313,0.566504435241717,0.0,3,0,normal
235,-0.9001828608241468,-0.5489234164843637,-0.3126325070919711,-0.6245326837818209,-1.7368224372387313,-0.6519412037425227,-1.0109891317992228,-0.5789144437705191,-0.9873467298072387,-0.9511752739549143,0.0,3,0,normal
236,-0.1372853603138054,0.18271768084386622,-0.024676661897451935,-0.792499858101146,-0.8493845006049328,-0.1945743621740875,-0.7726725134821905,-0.8796384773322167,-0.32784419691655126,0.1390955859548956,0.0,3,0,normal
237,-1.2478567475173752,-0.5523468926974444,-1.1963933402685478,-0.08570331783371282,-0.8247140492560091,-1.0982022501971218,-0.3158033146500329,-0.7025281809222157,-1.468505640592577,-1.3195409089952708,0.0,3,0,normal
238,0.5301374930438298,0.5958186453873351,0.6468807916621462,0.6762862703193167,0.1370853650057643,0.6463876270711172,0.4536526329949969,0.4539823324618493,0.38776496946548883,1.6494498970758111,0.0,3,0,normal
239,0.444005658919203,0.10492054071758011,0.5302838936556261,0.2877892072474548,-0.2429677754251655,0.6153889680331757,-0.5088992996808899,0.3923900159468395,0.1398453684468789,-0.22659671124905828,0.0,3,0,normal
240,1.359911710663602,1.2866648118917228,0.8114436515411257,0.8014199158408623,0.5205614485285144,1.4782789404624086,0.8718566392178331,1.3878787201857579,1.1003915669627544,1.3868112214604609,0.0,3,0,normal
241,0.6105009406580982,0.014724279498585699,-0.624617858166161,0.21890860753193064,0.014760477903126517,0.3996075521992437,0.27991780973455327,0.013050217713558887,0.8167731684710066,0.7599329818422912,0.0,3,0,normal
242,1.0846450096877713,-0.40835937520654264,0.7708468964527236,0.7979114304707822,0.17489204972674147,0.5569153850127037,0.5968734206737334,1.127868175976537,0.698953805444885,-0.3435058512946182,0.0,3,0,normal
243,0.9414443268010135,1.7213737549407864,0.9667885129588142,0.9944855223854895,1.2620433994347342,0.40064878284085786,1.7846824911852992,0.5086521038451449,1.0023938310733038,0.863410921305388,0.0,3,0,normal
244,1.2318896181542534,0.765008439446685,1.1789714099565913,0.7121486263043086,0.4813522388566001,1.1426626899217704,0.3500546754323679,0.9709934383528673,0.814260277747661,0.8959808290698141,0.0,3,0,normal
245,0.17051183976592318,0.2364255571517764,0.17852853820542816,-0.07968055551055418,0.09699489920402612,-0.36572033861677167,0.12128396199537511,0.634295702643161,-0.6508786176824889,-0.7352701145821645,0.0,3,0,normal
246,0.1521854937279974,-0.38306647704780783,-0.2632109108503589,0.40444441495540423,0.42104676101806,0.24463454509491805,0.8837253819010951,0.25640087554819474,0.7990837151041884,0.4879254005480312,0.0,3,0,normal
247,0.22435520216338212,0.7663433079348635,0.9995307721120752,0.5067984566473717,0.7151928437211948,1.2569239286115,0.46516622108670885,0.4192003416071575,1.1260263652495723,0.5889008669271124,0.0,3,0,normal
248,0.0995705159393113,0.17417040431734238,0.5653351278126078,-0.05325671305939326,0.5979897068452078,0.25910243217580525,-0.41646938237320774,0.6051308053445976,0.3590271554615596,0.39690352988448147,0.0,3,0,normal
249,-1.343310928698402,-0.9843685121581585,-0.4843117584836771,-1.1096593587002366,-0.899734858861311,-0.8438523008376352,-1.0929510568755294,-1.2680298256905185,-1.0911642610302963,-1.0778496187370903,0.0,3,0,normal
250,-0.7154406511051896,0.020871704398908144,-0.6837309289120563,-0.1041269005021197,-0.28740747452434384,-1.4418656836982904,-0.09291698534638214,-0.0026198097272275163,-0.25704940216808003,-1.0116639744099782,0.0,3,0,normal
251,-0.21895688082487041,-0.4327223825902414,0.02140431287394699,-0.005068582743484804,-0.002416188683137957,-0.5899826294702613,0.14477146866773835,-0.7315973699947116,-0.7900050691127309,-0.4995624465615547,0.0,3,0,normal
252,0.9646755175417996,-0.35705109131096485,0.5471630783249298,0.33306870625749013,0.5429394275364815,0.709445867453878,0.11189616471569318,0.028595904848518205,-0.0046943807774793775,0.49965123804685885,0.0,3,0,normal
253,0.7756622062149956,-0.14986054382588285,0.4649010964114747,0.6651956192806868,-0.15140026695621792,-0.11077941495929933,0.13205164628322053,0.01630393557882409,0.2998739854788687,-0.7338917471412024,0.0,3,0,normal
254,-0.44524205126008753,-0.43609670212509943,-0.4728022229880221,-0.7798418188767325,-0.6452136281076863,-1.3271773548557886,-0.7714960366571448,-0.18542146082919092,-0.5905234596266578,-0.7907584637249117,0.0,3,0,normal
255,-0.11972570947610776,-0.10368330688258823,-0.9375470221679545,-0.31117698364307955,0.01559813186554327,0.440413185234096,-0.521132532826114,-0.4177767170117062,-0.5898413917938903,-0.15047443689092196,0.0,3,0,normal
256,0.9026309224017184,1.4909334749188579,1.3986828170549972,0.979879943428737,0.7565928353269787,1.2201608308091019,0.11195622173972006,0.8775806357461248,1.4743242911358836,0.2112419295290275,0.0,3,0,normal
257,-0.18454096195159908,-0.03195783770111958,-0.880363434932895,0.3250157286719414,0.16603999886523763,-0.2579838396010828,-0.37037102360776997,-0.5164747671576497,-0.6476271494392317,0.3836252603136808,0.0,3,0,normal
258,-1.040585937238129,-0.8007302110606486,-0.9057149440823128,-1.3809706576153906,-1.0758320713267944,-2.0263452039593113,-1.6468016032095432,-1.3421552638962484,-1.2343084746729351,-1.3036906165675384,0.0,3,0,normal
259,0.9119225114365176,0.7446585250206819,0.6003441212437818,0.48468348285110485,0.8606080580358013,0.7712884205247007,0.5302149135120807,0.4234073481892436,0.10511632465205305,0.1303266947276058,0.0,3,0,normal
260,1.2608094353453572,0.7586704614206102,-0.3611832287462577,-0.0850456225791282,0.43873648444042546,0.5157960835731141,0.6939985338280327,0.053373745368149636,0.37659400934666054,1.0249247941246389,0.0,3,0,normal
261,0.8237483141141546,-0.23838709435723243,0.6079983418757351,0.7509461983227569,0.11095724321977735,0.27824809087368635,-0.19940530063036432,0.343412814253529,0.22576567404520378,0.34868913834327814,0.0,3,0,normal
262,1.2388364915668757,1.507742022829761,0.5475006349151503,0.22151319256478408,0.7634947521526625,1.3734023934632305,0.804284748810894,0.7508993899995781,1.1233994213371556,1.0307479254642387,0.0,3,0,normal
263,0.13322216147561702,0.3965985850485005,0.11811860917133551,0.2535823096957462,0.9504314710742287,0.586802464247003,0.720184532539322,-0.3099167024935824,0.3458842968331212,0.6471534292081352,0.0,3,0,normal
264,-0.4129681492263355,-0.2240179193668987,0.2570355165017314,0.2960519075066338,0.15210198794914664,-0.2110186747277692,0.02803123059109142,0.24009330561990214,-0.20046949869588218,-0.43084364646733986,0.0,3,0,normal
265,-0.36267237165524635,0.5468973108770061,-0.33049584263280896,0.04763233608530599,-1.0349790367841711,-0.41104596844206504,0.11768218253132114,-0.6296652608759682,-0.4948593523280966,-0.7522286546252559,0.0,3,0,normal
266,-0.1038447341045234,0.8351841251414707,0.5852141342100601,0.8006182168877322,0.6292675042433558,0.21720736568265828,0.6963958184369632,0.3431235070926815,1.1128209731718868,0.8185814750070282,0.0,3,0,normal
267,0.30868466141609596,0.35504911215960344,0.6172131616179931,0.5030620886180003,0.45495524381069236,0.6594624804715917,0.607231564223836,0.7065444655219207,1.1215148526751506,0.3254019582019614,0.0,3,0,normal
268,0.13975414998963379,-0.2807056990359954,-1.109683890526743,-0.5518622396368641,-0.4204311083938632,-0.18938105000175615,0.15369962332385337,-0.541361939545942,-0.7315030326860437,-0.34710384493441004,0.0,3,0,normal
269,-0.773362691623247,-1.3802432493574162,-0.12952518111165706,-1.1042828084474459,-0.3084059697859079,-0.8705802973003225,-1.1669583881689063,-0.50260439452461,-0.045193762394977424,-0.6382738553423992,0.0,3,0,normal
270,0.3389229358560059,0.4454968821957578,0.9420532884808638,1.1845519598561405,0.8566105995768375,0.7129088013951447,1.0380681427184977,0.7528110790409611,0.5928959704486023,0.31683829710842587,0.0,3,0,normal
271,-0.8896992668967048,-0.4771001288679021,-0.32103177970008995,-0.2334207069640439,-0.6702297451531689,-1.4424530787411116,-0.252723697416509,-0.15623306853304358,-0.5249974756192426,0.15680777078551772,0.0,3,0,normal
272,0.2880115794726256,-0.3969928596929456,0.42568856770823316,-0.04601006500873894,-0.07759907135070432,0.08501017715757551,0.07867578744836978,-0.12727168012793375,0.3157217793738122,-0.26108463518311875,0.0,3,0,normal
273,0.3753387984012031,-0.6129774833523702,0.5734985099234229,-0.4160113496153346,-0.5991079052460423,0.152921355324445,-0.43510499967862665,0.3177212526952069,-0.18989953513680724,-0.15249500781823924,0.0,3,0,normal
274,0.17808067950438802,1.2179056721125052,1.5366375439300533,0.6356337013012632,0.8631612756234059,0.16990025588768692,0.11890610044569638,0.2852292257243979,0.9241043849647352,0.6348610186352545,0.0,3,0,normal
275,0.7166440814314375,0.7260487319604376,0.35763085218763296,0.7062633497926523,0.1199967880944803,0.36554550184825546,1.0197491816767186,0.45919782479410337,0.6370521627311948,-0.3210268449149615,0.0,3,0,normal
276,-0.36435824825302343,0.11474401032513953,0.02831054968417027,0.09430323639572566,-0.9105132918080084,0.20590984577005852,-0.2283804738164733,-0.3348791904720304,-0.5652719988802865,-0.23713049899967947,0.0,3,0,normal
277,-0.2043411694339702,0.7369060053506861,0.7197821450021669,0.14753145684137703,0.6221365909250289,1.0404007732167666,-0.399393708989497,0.5283520130369513,0.18539091373787,0.5209114837742425,0.0,3,0,normal
278,-0.331238343845134,-0.9357956858686053,-0.35189667591106316,-0.880526750964637,-0.23695186555868572,-0.862090339525054,0.05340596267713887,-0.1257804158856545,-0.6638072402133592,-1.0966639076230762,0.0,3,0,normal
279,-1.0872945969766412,-0.9815424112079889,-1.0058271277259117,-0.6419150032139997,-0.5677109327217632,-0.9308031411079213,-0.8164156687632289,-0.756073650004701,-1.0927002250747908,-0.5637402587936569,0.0,3,0,normal
280,-0.8702969429173723,-1.0609823450168674,-0.5888923468801656,-0.5109600190531147,-1.0450795969756446,-0.8265345958864402,-0.5166010526276417,-0.7079543218659944,-0.9383056182035174,-1.238573537029195,0.0,3,0,normal
281,0.502036935369939,-0.39634407056337395,0.26975909624677064,-0.030877063259429426,-0.10213491112831695,-0.5244720156025382,0.8570509200675938,-0.07969740468678811,0.6316667019699114,0.3300919487288499,0.0,3,0,normal
282,0.22211783633361717,0.678778841343641,0.6051635046093018,0.31277471149415015,0.28997088446967306,0.6678949056735932,-0.25828714011623655,0.3875106611986775,0.5117464775104633,0.14250318885988472,0.0,3,0,normal
283,0.9745646336535749,1.76318519407817,0.13572974732984353,0.7807554408560565,1.0413985575860838,1.2676098820441073,1.2876564389526253,-0.05731147303158416,0.8650864354288273,0.588676056608188,0.0,3,0,normal
284,0.873991538339289,0.5011653628310074,0.9036069948470615,0.6281867966357909,0.5242584402734113,0.30570728975575084,0.5365137134681455,-0.0403881679944169,0.6620919708790998,0.24155768114312237,0.0,3,0,normal
285,0.4969388022332754,0.40585143958996833,0.28975282449718653,-0.147289801120097,-0.06586666556413984,-0.22643994766797834,-0.35651730659028424,-0.022992321291909347,0.05046408693173375,0.518289766857383,0.0,3,0,normal
286,0.6128198779657367,-0.29625585403677246,-0.053770788438731704,-0.2720864541058517,0.77033327700519,-0.27827697714194355,0.23317357886813805,0.09544456344320457,0.09674039948018036,-0.037455032427220925,0.0,3,0,normal
287,1.0568025060048967,1.0073884827558497,0.795715747649194,0.3231629029683457,0.8122940376241251,1.4134207554597662,0.6210062693912196,0.7093390379766541,-0.15873619547388756,1.662324815063862,0.0,3,0,normal
288,0.7857547845919853,1.2070956339872783,0.7430923191895906,1.3306226487718344,0.28978983942619385,1.4135662272273188,0.4963493466519259,1.1014122335551848,1.8761862665814897,1.1030149186208027,0.0,3,0,normal
289,0.15689617169964906,-0.32938648843529844,-0.3367190917475161,-0.20209646132261563,0.13348750104475007,-0.34280064885306794,-0.04762095242449123,-0.2831381715435092,-0.530018107924921,0.06633167608145175,0.0,3,0,normal
290,0.613765428071891,0.7368809722151194,0.09215708775092424,0.3073393509541644,0.10696785816451176,0.6365270303294522,0.6350197776377229,0.04985325915351901,0.7164664229145951,0.6935579431536805,0.0,3,0,normal
291,-0.20223021450132003,0.5705670644531572,-0.08727466423673351,0.3018966836401032,0.5451791323387472,0.23219634965945132,0.7649297954513443,-0.033453512763050725,0.5954888049449248,0.45821170462704447,0.0,3,0,normal
292,0.9658673681563875,0.528196596359646,-0.21595146193767295,0.13465700764414226,0.5428882855860113,0.5869600993587072,0.9366314756343976,-0.2859366694274037,0.389407086818708,-0.8607217117529187,0.0,3,0,normal
293,0.487627617915461,0.28226722217939987,-0.07895045536289737,0.12404161667365163,0.2881508348058838,0.7562550167831038,0.9388803904765703,0.6370496441798708,0.4938992586901711,0.12296315788326287,0.0,3,0,normal
294,0.7382961143050198,0.10912660144445593,0.2721497949443249,0.3623475658149174,0.6813104944979685,0.8654431758867364,-0.6578649725359851,0.004293932336169305,0.5298942143800422,1.282571453621016,0.0,3,0,normal
295,-0.45709135671632145,-0.5466336652557807,-0.7639313700104293,-1.1554759310437608,-1.0962011388222461,-0.9666034349822699,-0.5348766720237855,-1.4147916623102696,-1.149065160157832,-1.1347376400212046,0.0,3,0,normal
296,0.933832996829743,1.338045755614359,0.6034071255288896,-0.10138394786560877,0.11043024680538885,0.8397632656358959,0.7078128348799491,0.1409706406838211,1.522254131701276,0.4696572242341164,0.0,3,0,normal
297,0.7021951218352709,0.70153679528292,1.4508216128468243,0.7800822146145406,0.11466438366131224,0.5221613912408983,0.8918159055163747,0.0882841877336964,0.9077705236956285,0.9634156614500017,0.0,3,0,normal
298,-0.5965783571744828,0.2649010383760934,-0.9008116888444551,-0.6061048346613442,-0.6029041199644765,-0.6906709201907466,-0.8284910560754906,-0.48876442364738504,-0.43736112267693694,-0.8831508406034848,0.0,3,0,normal
299,0.6181158155790341,0.4925406680155174,0.004540428248877663,-0.5938117572916829,0.0701173137534949,0.46867882056229054,-0.14267782171440438,-0.3447629716403717,-0.14924465050229693,0.08011685208062212,0.0,3,0,normal
300,0.2383371120447764,-0.5480503444253265,-0.11392316000949355,-0.7031683622620561,0.04725289906324633,0.23969192916705792,-1.1548088643788998,-0.4716798519434462,-1.1586146968596547,0.02888012743602066,0.0,3,0,normal
