alarm_time,validation_time,sample_size,n_features,hotelling_t_squared,f_statistic,degrees_of_freedom_1,degrees_of_freedom_2,p_value,status,confirmed_shift
103,128.0,25,10,51.037836221251055,4.1468241929766485,10,39.0,0.0006086245801455091,confirmed,True
104,,25,10,,,10,,,skipped_nearby_alarm,False
105,,25,10,,,10,,,skipped_nearby_alarm,False
106,,25,10,,,10,,,skipped_nearby_alarm,False
107,,25,10,,,10,,,skipped_nearby_alarm,False
108,,25,10,,,10,,,skipped_nearby_alarm,False
109,,25,10,,,10,,,skipped_nearby_alarm,False
110,,25,10,,,10,,,skipped_nearby_alarm,False
111,,25,10,,,10,,,skipped_nearby_alarm,False
112,,25,10,,,10,,,skipped_nearby_alarm,False
113,,25,10,,,10,,,skipped_nearby_alarm,False
114,,25,10,,,10,,,skipped_nearby_alarm,False
115,,25,10,,,10,,,skipped_nearby_alarm,False
116,,25,10,,,10,,,skipped_nearby_alarm,False
117,,25,10,,,10,,,skipped_nearby_alarm,False
118,,25,10,,,10,,,skipped_nearby_alarm,False
119,,25,10,,,10,,,skipped_nearby_alarm,False
120,,25,10,,,10,,,skipped_nearby_alarm,False
121,,25,10,,,10,,,skipped_nearby_alarm,False
122,,25,10,,,10,,,skipped_nearby_alarm,False
123,,25,10,,,10,,,skipped_nearby_alarm,False
124,,25,10,,,10,,,skipped_nearby_alarm,False
125,,25,10,,,10,,,skipped_nearby_alarm,False
126,,25,10,,,10,,,skipped_nearby_alarm,False
127,,25,10,,,10,,,skipped_nearby_alarm,False
128,153.0,25,10,13.851197863477601,1.1254098264075552,10,39.0,0.36878640201100904,rejected,False
129,,25,10,,,10,,,skipped_nearby_alarm,False
130,,25,10,,,10,,,skipped_nearby_alarm,False
131,,25,10,,,10,,,skipped_nearby_alarm,False
132,,25,10,,,10,,,skipped_nearby_alarm,False
133,,25,10,,,10,,,skipped_nearby_alarm,False
134,,25,10,,,10,,,skipped_nearby_alarm,False
135,,25,10,,,10,,,skipped_nearby_alarm,False
136,,25,10,,,10,,,skipped_nearby_alarm,False
137,,25,10,,,10,,,skipped_nearby_alarm,False
138,,25,10,,,10,,,skipped_nearby_alarm,False
139,,25,10,,,10,,,skipped_nearby_alarm,False
140,,25,10,,,10,,,skipped_nearby_alarm,False
141,,25,10,,,10,,,skipped_nearby_alarm,False
142,,25,10,,,10,,,skipped_nearby_alarm,False
143,,25,10,,,10,,,skipped_nearby_alarm,False
144,,25,10,,,10,,,skipped_nearby_alarm,False
145,,25,10,,,10,,,skipped_nearby_alarm,False
146,,25,10,,,10,,,skipped_nearby_alarm,False
147,,25,10,,,10,,,skipped_nearby_alarm,False
148,,25,10,,,10,,,skipped_nearby_alarm,False
149,,25,10,,,10,,,skipped_nearby_alarm,False
150,,25,10,,,10,,,skipped_nearby_alarm,False
151,,25,10,,,10,,,skipped_nearby_alarm,False
152,,25,10,,,10,,,skipped_nearby_alarm,False
153,178.0,25,10,10.717971481069172,0.8708351828368703,10,39.0,0.567144859200785,rejected,False
154,,25,10,,,10,,,skipped_nearby_alarm,False
155,,25,10,,,10,,,skipped_nearby_alarm,False
156,,25,10,,,10,,,skipped_nearby_alarm,False
157,,25,10,,,10,,,skipped_nearby_alarm,False
158,,25,10,,,10,,,skipped_nearby_alarm,False
159,,25,10,,,10,,,skipped_nearby_alarm,False
160,,25,10,,,10,,,skipped_nearby_alarm,False
161,,25,10,,,10,,,skipped_nearby_alarm,False
162,,25,10,,,10,,,skipped_nearby_alarm,False
163,,25,10,,,10,,,skipped_nearby_alarm,False
164,,25,10,,,10,,,skipped_nearby_alarm,False
165,,25,10,,,10,,,skipped_nearby_alarm,False
166,,25,10,,,10,,,skipped_nearby_alarm,False
167,,25,10,,,10,,,skipped_nearby_alarm,False
168,,25,10,,,10,,,skipped_nearby_alarm,False
169,,25,10,,,10,,,skipped_nearby_alarm,False
170,,25,10,,,10,,,skipped_nearby_alarm,False
171,,25,10,,,10,,,skipped_nearby_alarm,False
172,,25,10,,,10,,,skipped_nearby_alarm,False
173,,25,10,,,10,,,skipped_nearby_alarm,False
174,,25,10,,,10,,,skipped_nearby_alarm,False
175,,25,10,,,10,,,skipped_nearby_alarm,False
176,,25,10,,,10,,,skipped_nearby_alarm,False
177,,25,10,,,10,,,skipped_nearby_alarm,False
178,203.0,25,10,11.768938716607517,0.9562262707243607,10,39.0,0.49527571170679385,rejected,False
179,,25,10,,,10,,,skipped_nearby_alarm,False
180,,25,10,,,10,,,skipped_nearby_alarm,False
181,,25,10,,,10,,,skipped_nearby_alarm,False
182,,25,10,,,10,,,skipped_nearby_alarm,False
183,,25,10,,,10,,,skipped_nearby_alarm,False
184,,25,10,,,10,,,skipped_nearby_alarm,False
185,,25,10,,,10,,,skipped_nearby_alarm,False
186,,25,10,,,10,,,skipped_nearby_alarm,False
187,,25,10,,,10,,,skipped_nearby_alarm,False
188,,25,10,,,10,,,skipped_nearby_alarm,False
189,,25,10,,,10,,,skipped_nearby_alarm,False
190,,25,10,,,10,,,skipped_nearby_alarm,False
191,,25,10,,,10,,,skipped_nearby_alarm,False
192,,25,10,,,10,,,skipped_nearby_alarm,False
193,,25,10,,,10,,,skipped_nearby_alarm,False
194,,25,10,,,10,,,skipped_nearby_alarm,False
195,,25,10,,,10,,,skipped_nearby_alarm,False
196,,25,10,,,10,,,skipped_nearby_alarm,False
197,,25,10,,,10,,,skipped_nearby_alarm,False
198,,25,10,,,10,,,skipped_nearby_alarm,False
199,,25,10,,,10,,,skipped_nearby_alarm,False
200,,25,10,,,10,,,skipped_nearby_alarm,False
201,,25,10,,,10,,,skipped_nearby_alarm,False
202,,25,10,,,10,,,skipped_nearby_alarm,False
203,228.0,25,10,73.98719556451853,6.011459639617131,10,39.0,1.8884097422530703e-05,confirmed,True
204,,25,10,,,10,,,skipped_nearby_alarm,False
205,,25,10,,,10,,,skipped_nearby_alarm,False
206,,25,10,,,10,,,skipped_nearby_alarm,False
207,,25,10,,,10,,,skipped_nearby_alarm,False
211,,25,10,,,10,,,skipped_nearby_alarm,False
212,,25,10,,,10,,,skipped_nearby_alarm,False
215,,25,10,,,10,,,skipped_nearby_alarm,False
219,,25,10,,,10,,,skipped_nearby_alarm,False
220,,25,10,,,10,,,skipped_nearby_alarm,False
284,,25,10,,,10,,,pending_current_window,False
285,,25,10,,,10,,,pending_current_window,False
286,,25,10,,,10,,,pending_current_window,False
295,,25,10,,,10,,,pending_current_window,False
299,,25,10,,,10,,,pending_current_window,False
