dataset,method,published_fp_percent,published_fn_percent,published_rci,published_ct_seconds,computed_fp_percent,computed_fn_percent,computed_rci,computed_ct_seconds,difference_fp_percent,difference_fn_percent,difference_rci,difference_ct_seconds
D3,MSD-EWMA,5.0,8.0,9.0,0.228,0.08,0.0,5.75,0.002922311997972429,-4.92,-8.0,-3.25,-0.22507768800202757
D3,MSD-EWMA-PCA,5.5,6.0,8.0,0.272,0.25,0.0,5.15,0.00367479600594379,-5.25,-6.0,-2.8499999999999996,-0.26832520399405624
D3,MSD-EWMA-ICA,5.0,8.0,8.0,0.528,0.08,0.0,5.75,0.045812774000223724,-4.92,-8.0,-2.25,-0.4821872259997763
D3,TSMSD-EWMA,2.0,5.0,25.0,0.201,0.01,28.0,32.208333333333336,0.005922626004321501,-1.99,23.0,7.208333333333336,-0.1950773739956785
D3,TSMSD-EWMA-ICA,2.5,5.0,25.0,0.594,0.01,28.0,32.208333333333336,0.04860680699814111,-2.49,23.0,7.208333333333336,-0.5453931930018588
D4,MSD-EWMA,4.0,15.0,7.0,0.213,0.22,0.0,5.32,0.0031647309951949865,-3.78,-15.0,-1.6799999999999997,-0.209835269004805
D4,MSD-EWMA-PCA,5.5,5.0,8.0,0.251,0.27,0.0,4.56,0.0037182630051393064,-5.23,-5.0,-3.4400000000000004,-0.2472817369948607
D4,MSD-EWMA-ICA,5.0,15.0,7.0,0.677,0.22,0.0,5.32,0.04773454999900423,-4.78,-15.0,-1.6799999999999997,-0.6292654500009958
D4,TSMSD-EWMA,5.0,7.0,25.0,0.202,0.02,21.0,29.620253164556964,0.006480577995534986,-4.98,14.0,4.6202531645569636,-0.19551942200446504
D4,TSMSD-EWMA-ICA,4.5,9.0,25.0,0.647,0.02,21.0,29.620253164556964,0.050984996005427094,-4.48,12.0,4.6202531645569636,-0.596015003994573
