dataset,method,fp_percent,fn_percent,rci,ct_seconds
D3,MSD-EWMA,0.08,0.0,5.75,0.002922311997972429
D3,MSD-EWMA-PCA,0.25,0.0,5.15,0.00367479600594379
D3,MSD-EWMA-ICA,0.08,0.0,5.75,0.045812774000223724
D3,TSMSD-EWMA,0.01,28.0,32.208333333333336,0.005922626004321501
D3,TSMSD-EWMA-ICA,0.01,28.0,32.208333333333336,0.04860680699814111
D4,MSD-EWMA,0.22,0.0,5.32,0.0031647309951949865
D4,MSD-EWMA-PCA,0.27,0.0,4.56,0.0037182630051393064
D4,MSD-EWMA-ICA,0.22,0.0,5.32,0.04773454999900423
D4,TSMSD-EWMA,0.02,21.0,29.620253164556964,0.006480577995534986
D4,TSMSD-EWMA-ICA,0.02,21.0,29.620253164556964,0.050984996005427094
