seed,fit_seconds,pc1_variance_ratio,score_limit,residual_limit,joint_limit
0,0.011873800000103074,0.8055018318433145,2.5595653547458066,6.9462037752675485,1.1151665222217726
1,0.0060815999986516545,0.7894970438628262,2.6450416621080217,7.168498157074363,1.11530663075856
2,0.005841899999722955,0.8068082876248783,2.4926849137928793,5.712195552648889,1.1515520354559037
3,0.005856399999174755,0.7962848126474615,2.4759987536202614,6.642270465214107,1.1075844828286352
4,0.006000499999572639,0.8201004738013048,2.3022194873267057,6.739148604947115,1.1490296226709997
5,0.005993700000544777,0.7907095332630888,2.6768371188527693,7.137804545970229,1.1157065812095923
6,0.006814400001530885,0.7933877815846749,2.6748330382723506,6.7537493794994505,1.1016157057277909
7,0.005951400000412832,0.798944898312479,2.761221317207972,7.564737212021052,1.106767164241778
8,0.007853299999624141,0.8001315551331416,2.629304078118652,6.446275692177277,1.1299590460319853
9,0.006552599999849917,0.7799311707309208,2.6160276841454766,5.641266444951018,1.1548682716161642
10,0.006611400000110734,0.7862750948122378,2.686935731036267,6.722220777271796,1.1456334948517213
11,0.006606099999771686,0.7852696408035846,2.7507447926274966,6.5869088514379674,1.1318594370276565
12,0.006500900000901311,0.7502282236726682,2.8097838873944787,5.879823361888292,1.1334574692516592
13,0.0058404999999766005,0.7974133624514974,2.4077372523130394,6.650279928538853,1.159299703975673
14,0.006715100000292296,0.8000461687867144,2.518932730775013,6.1580196417490995,1.1265863544724652
15,0.008102199999484583,0.7827787435118857,2.772341305316302,7.112059476265348,1.1211374844632078
16,0.006184900001244387,0.8005696287356833,2.5523105517982385,6.888817835772081,1.140439157714003
17,0.006059199999072007,0.8039226890852398,2.529518294440017,6.541424755488372,1.124132633143361
18,0.006291500001680106,0.7889587850617027,2.5600930283190357,6.076809413799149,1.1746027763235345
19,0.006053900000551948,0.8076403443434629,2.5534314849796513,7.028420955209404,1.1384181124074872
