seed,scenario,method,false_alarm_rate,detected,delay,window_alarm,total_alarms,delta_1,delta_2,all_routes_seconds
0,none,score_only,0.022,,,0.0,22,0.0,0.0,0.003449199999522534
0,none,residual_only,0.009,,,0.0,9,0.0,0.0,0.003449199999522534
0,none,combined,0.016,,,0.0,16,0.0,0.0,0.003449199999522534
0,pc1,score_only,0.018,0.0,,0.0,22,2.1303183776488823,2.1122839794524393,0.0033273000008193776
0,pc1,residual_only,0.006,0.0,,0.0,9,2.1303183776488823,2.1122839794524393,0.0033273000008193776
0,pc1,combined,0.014,0.0,,0.0,16,2.1303183776488823,2.1122839794524393,0.0033273000008193776
0,pc2,score_only,0.018,0.0,,0.0,22,-2.1122839794524393,2.1303183776488823,0.003441299999394687
0,pc2,residual_only,0.006,1.0,0.0,1.0,352,-2.1122839794524393,2.1303183776488823,0.003441299999394687
0,pc2,combined,0.014,1.0,0.0,1.0,324,-2.1122839794524393,2.1303183776488823,0.003441299999394687
0,both,score_only,0.018,0.0,,0.0,22,0.012752245259323232,2.9999728965843744,0.003318000000945176
0,both,residual_only,0.006,1.0,0.0,1.0,164,0.012752245259323232,2.9999728965843744,0.003318000000945176
0,both,combined,0.014,1.0,0.0,1.0,143,0.012752245259323232,2.9999728965843744,0.003318000000945176
1,none,score_only,0.012,,,0.0,12,0.0,0.0,0.003181399999448331
1,none,residual_only,0.007,,,0.0,7,0.0,0.0,0.003181399999448331
1,none,combined,0.008,,,0.0,8,0.0,0.0,0.003181399999448331
1,pc1,score_only,0.004,0.0,,0.0,12,2.0409701184592315,2.1987362223687748,0.0030878999987180578
1,pc1,residual_only,0.006,0.0,,0.0,7,2.0409701184592315,2.1987362223687748,0.0030878999987180578
1,pc1,combined,0.008,0.0,,0.0,8,2.0409701184592315,2.1987362223687748,0.0030878999987180578
1,pc2,score_only,0.004,0.0,,0.0,12,-2.1987362223687748,2.0409701184592315,0.0030291000002762303
1,pc2,residual_only,0.006,1.0,2.0,1.0,322,-2.1987362223687748,2.0409701184592315,0.0030291000002762303
1,pc2,combined,0.008,1.0,2.0,1.0,295,-2.1987362223687748,2.0409701184592315,0.0030291000002762303
1,both,score_only,0.004,0.0,,0.0,12,-0.11155748191581943,2.997925103839087,0.00308729999960633
1,both,residual_only,0.006,1.0,3.0,1.0,138,-0.11155748191581943,2.997925103839087,0.00308729999960633
1,both,combined,0.008,1.0,3.0,1.0,123,-0.11155748191581943,2.997925103839087,0.00308729999960633
2,none,score_only,0.014,,,0.0,14,0.0,0.0,0.0033916000011231517
2,none,residual_only,0.029,,,1.0,29,0.0,0.0,0.0033916000011231517
2,none,combined,0.02,,,1.0,20,0.0,0.0,0.0033916000011231517
2,pc1,score_only,0.016,0.0,,0.0,14,2.151779179783671,2.090417748070828,0.003229599999031052
2,pc1,residual_only,0.028,1.0,6.0,1.0,29,2.151779179783671,2.090417748070828,0.003229599999031052
2,pc1,combined,0.018,1.0,6.0,1.0,20,2.151779179783671,2.090417748070828,0.003229599999031052
2,pc2,score_only,0.016,0.0,,0.0,14,-2.090417748070828,2.151779179783671,0.0033939999993890524
2,pc2,residual_only,0.028,1.0,3.0,1.0,383,-2.090417748070828,2.151779179783671,0.0033939999993890524
2,pc2,combined,0.018,1.0,3.0,1.0,348,-2.090417748070828,2.151779179783671,0.0033939999993890524
2,both,score_only,0.016,0.0,,0.0,14,0.04338908446746649,2.9996862148146546,0.004192399999737972
2,both,residual_only,0.028,1.0,6.0,1.0,221,0.04338908446746649,2.9996862148146546,0.004192399999737972
2,both,combined,0.018,1.0,6.0,1.0,191,0.04338908446746649,2.9996862148146546,0.004192399999737972
3,none,score_only,0.014,,,0.0,14,0.0,0.0,0.0034774999985529575
3,none,residual_only,0.007,,,0.0,7,0.0,0.0,0.0034774999985529575
3,none,combined,0.008,,,0.0,8,0.0,0.0,0.0034774999985529575
3,pc1,score_only,0.012,0.0,,0.0,14,2.168942431295779,2.072604335063679,0.003265100000135135
3,pc1,residual_only,0.008,0.0,,0.0,7,2.168942431295779,2.072604335063679,0.003265100000135135
3,pc1,combined,0.008,0.0,,0.0,8,2.168942431295779,2.072604335063679,0.003265100000135135
3,pc2,score_only,0.012,0.0,,0.0,14,-2.072604335063679,2.168942431295779,0.003166899999996531
3,pc2,residual_only,0.008,1.0,2.0,1.0,334,-2.072604335063679,2.168942431295779,0.003166899999996531
3,pc2,combined,0.008,1.0,2.0,1.0,310,-2.072604335063679,2.168942431295779,0.003166899999996531
3,both,score_only,0.012,0.0,,0.0,14,0.06812132113232008,2.9992264812126455,0.0031434000011358876
3,both,residual_only,0.008,1.0,2.0,1.0,146,0.06812132113232008,2.9992264812126455,0.0031434000011358876
3,both,combined,0.008,1.0,2.0,1.0,127,0.06812132113232008,2.9992264812126455,0.0031434000011358876
4,none,score_only,0.013,,,0.0,13,0.0,0.0,0.0032821000004332745
4,none,residual_only,0.007,,,0.0,7,0.0,0.0,0.0032821000004332745
4,none,combined,0.005,,,0.0,5,0.0,0.0,0.0032821000004332745
4,pc1,score_only,0.012,0.0,,0.0,13,2.0835672764404394,2.1584131681739183,0.0031677999995736172
4,pc1,residual_only,0.006,0.0,,0.0,7,2.0835672764404394,2.1584131681739183,0.0031677999995736172
4,pc1,combined,0.004,0.0,,0.0,5,2.0835672764404394,2.1584131681739183,0.0031677999995736172
4,pc2,score_only,0.012,0.0,,0.0,13,-2.1584131681739183,2.0835672764404394,0.003036100000826991
4,pc2,residual_only,0.006,1.0,0.0,1.0,347,-2.1584131681739183,2.0835672764404394,0.003036100000826991
4,pc2,combined,0.004,1.0,0.0,1.0,316,-2.1584131681739183,2.0835672764404394,0.003036100000826991
4,both,score_only,0.012,0.0,,0.0,13,-0.05292403758869724,2.9995331380475383,0.003002000001288252
4,both,residual_only,0.006,1.0,7.0,1.0,177,-0.05292403758869724,2.9995331380475383,0.003002000001288252
4,both,combined,0.004,1.0,7.0,1.0,143,-0.05292403758869724,2.9995331380475383,0.003002000001288252
5,none,score_only,0.006,,,0.0,6,0.0,0.0,0.003147200000967132
5,none,residual_only,0.006,,,0.0,6,0.0,0.0,0.003147200000967132
5,none,combined,0.007,,,0.0,7,0.0,0.0,0.003147200000967132
5,pc1,score_only,0.006,0.0,,0.0,6,2.075674310701881,2.166004652786386,0.0031940999997459585
5,pc1,residual_only,0.006,0.0,,0.0,6,2.075674310701881,2.166004652786386,0.0031940999997459585
5,pc1,combined,0.006,0.0,,0.0,7,2.075674310701881,2.166004652786386,0.0031940999997459585
5,pc2,score_only,0.006,0.0,,0.0,6,-2.166004652786386,2.075674310701881,0.0031522000008408213
5,pc2,residual_only,0.006,1.0,0.0,1.0,318,-2.166004652786386,2.075674310701881,0.0031522000008408213
5,pc2,combined,0.006,1.0,0.0,1.0,287,-2.166004652786386,2.075674310701881,0.0031522000008408213
5,both,score_only,0.006,0.0,,0.0,6,-0.06387319743485403,2.9993199586988792,0.0031374999998661224
5,both,residual_only,0.006,1.0,0.0,1.0,158,-0.06387319743485403,2.9993199586988792,0.0031374999998661224
5,both,combined,0.006,1.0,0.0,1.0,135,-0.06387319743485403,2.9993199586988792,0.0031374999998661224
6,none,score_only,0.007,,,0.0,7,0.0,0.0,0.0036295999998401385
6,none,residual_only,0.011,,,0.0,11,0.0,0.0,0.0036295999998401385
6,none,combined,0.013,,,0.0,13,0.0,0.0,0.0036295999998401385
6,pc1,score_only,0.006,0.0,,0.0,7,2.192647175216118,2.047510284471553,0.003579399999580346
6,pc1,residual_only,0.014,0.0,,0.0,11,2.192647175216118,2.047510284471553,0.003579399999580346
6,pc1,combined,0.012,0.0,,0.0,13,2.192647175216118,2.047510284471553,0.003579399999580346
6,pc2,score_only,0.006,0.0,,0.0,7,-2.047510284471553,2.192647175216118,0.0038033000000723405
6,pc2,residual_only,0.014,1.0,0.0,1.0,334,-2.047510284471553,2.192647175216118,0.0038033000000723405
6,pc2,combined,0.012,1.0,0.0,1.0,315,-2.047510284471553,2.192647175216118,0.0038033000000723405
6,both,score_only,0.006,0.0,,0.0,7,0.10262727964581309,2.9982440930438767,0.0038129999993543606
6,both,residual_only,0.014,1.0,0.0,1.0,156,0.10262727964581309,2.9982440930438767,0.0038129999993543606
6,both,combined,0.012,1.0,0.0,1.0,137,0.10262727964581309,2.9982440930438767,0.0038129999993543606
7,none,score_only,0.005,,,0.0,5,0.0,0.0,0.003784599999562488
7,none,residual_only,0.008,,,1.0,8,0.0,0.0,0.003784599999562488
7,none,combined,0.006,,,1.0,6,0.0,0.0,0.003784599999562488
7,pc1,score_only,0.006,0.0,,0.0,5,2.178820939672794,2.06221708674023,0.004119100000025355
7,pc1,residual_only,0.008,1.0,18.0,1.0,8,2.178820939672794,2.06221708674023,0.004119100000025355
7,pc1,combined,0.004,1.0,18.0,1.0,6,2.178820939672794,2.06221708674023,0.004119100000025355
7,pc2,score_only,0.006,0.0,,0.0,5,-2.06221708674023,2.178820939672794,0.003979600000093342
7,pc2,residual_only,0.008,1.0,3.0,1.0,363,-2.06221708674023,2.178820939672794,0.003979600000093342
7,pc2,combined,0.004,1.0,3.0,1.0,338,-2.06221708674023,2.178820939672794,0.003979600000093342
7,both,score_only,0.006,0.0,,0.0,5,0.082451375121095,2.9988667477466615,0.005421300000307383
7,both,residual_only,0.008,1.0,5.0,1.0,185,0.082451375121095,2.9988667477466615,0.005421300000307383
7,both,combined,0.004,1.0,5.0,1.0,160,0.082451375121095,2.9988667477466615,0.005421300000307383
8,none,score_only,0.005,,,0.0,5,0.0,0.0,0.007624400001077447
8,none,residual_only,0.007,,,0.0,7,0.0,0.0,0.007624400001077447
8,none,combined,0.006,,,0.0,6,0.0,0.0,0.007624400001077447
8,pc1,score_only,0.008,0.0,,0.0,5,2.0790247837849587,2.1627889283071307,0.004429599999639322
8,pc1,residual_only,0.004,0.0,,0.0,7,2.0790247837849587,2.1627889283071307,0.004429599999639322
8,pc1,combined,0.002,0.0,,0.0,6,2.0790247837849587,2.1627889283071307,0.004429599999639322
8,pc2,score_only,0.008,0.0,,0.0,5,-2.1627889283071307,2.0790247837849587,0.004246700000294368
8,pc2,residual_only,0.004,1.0,2.0,1.0,337,-2.1627889283071307,2.0790247837849587,0.004246700000294368
8,pc2,combined,0.002,1.0,2.0,1.0,308,-2.1627889283071307,2.0790247837849587,0.004246700000294368
8,both,score_only,0.008,0.0,,0.0,5,-0.05923019461191778,2.9994152403503977,0.003558300000804593
8,both,residual_only,0.004,1.0,2.0,1.0,152,-0.05923019461191778,2.9994152403503977,0.003558300000804593
8,both,combined,0.002,1.0,2.0,1.0,132,-0.05923019461191778,2.9994152403503977,0.003558300000804593
9,none,score_only,0.002,,,0.0,2,0.0,0.0,0.0032209000000875676
9,none,residual_only,0.015,,,0.0,15,0.0,0.0,0.0032209000000875676
9,none,combined,0.007,,,0.0,7,0.0,0.0,0.0032209000000875676
9,pc1,score_only,0.0,0.0,,0.0,2,1.9972927339392441,2.2384864830848317,0.003167599999869708
9,pc1,residual_only,0.012,0.0,,0.0,15,1.9972927339392441,2.2384864830848317,0.003167599999869708
9,pc1,combined,0.008,0.0,,0.0,7,1.9972927339392441,2.2384864830848317,0.003167599999869708
9,pc2,score_only,0.0,0.0,,0.0,2,-2.2384864830848317,1.9972927339392441,0.0032269999992422527
9,pc2,residual_only,0.012,1.0,0.0,1.0,357,-2.2384864830848317,1.9972927339392441,0.0032269999992422527
9,pc2,combined,0.008,1.0,1.0,1.0,325,-2.2384864830848317,1.9972927339392441,0.0032269999992422527
9,both,score_only,0.0,0.0,,0.0,2,-0.17054973560065206,2.9951482079667686,0.0032436000001325738
9,both,residual_only,0.012,1.0,1.0,1.0,205,-0.17054973560065206,2.9951482079667686,0.0032436000001325738
9,both,combined,0.008,1.0,1.0,1.0,171,-0.17054973560065206,2.9951482079667686,0.0032436000001325738
10,none,score_only,0.013,,,0.0,13,0.0,0.0,0.003393500001038774
10,none,residual_only,0.013,,,0.0,13,0.0,0.0,0.003393500001038774
10,none,combined,0.006,,,0.0,6,0.0,0.0,0.003393500001038774
10,pc1,score_only,0.012,1.0,0.0,1.0,14,2.093319572428165,2.14895629729624,0.0033875999997690087
10,pc1,residual_only,0.012,0.0,,0.0,13,2.093319572428165,2.14895629729624,0.0033875999997690087
10,pc1,combined,0.004,0.0,,0.0,6,2.093319572428165,2.14895629729624,0.0033875999997690087
10,pc2,score_only,0.012,0.0,,0.0,13,-2.14895629729624,2.093319572428165,0.003629400000136229
10,pc2,residual_only,0.012,1.0,1.0,1.0,340,-2.14895629729624,2.093319572428165,0.003629400000136229
10,pc2,combined,0.004,1.0,1.0,1.0,299,-2.14895629729624,2.093319572428165,0.003629400000136229
10,both,score_only,0.012,0.0,,0.0,13,-0.039341105437225916,2.999742035146185,0.0035659999994095415
10,both,residual_only,0.012,1.0,2.0,1.0,180,-0.039341105437225916,2.999742035146185,0.0035659999994095415
10,both,combined,0.004,1.0,6.0,1.0,138,-0.039341105437225916,2.999742035146185,0.0035659999994095415
11,none,score_only,0.004,,,0.0,4,0.0,0.0,0.0036718999999720836
11,none,residual_only,0.01,,,1.0,10,0.0,0.0,0.0036718999999720836
11,none,combined,0.007,,,1.0,7,0.0,0.0,0.0036718999999720836
11,pc1,score_only,0.006,1.0,1.0,1.0,5,2.072273288137173,2.1692587257570617,0.003652900000815862
11,pc1,residual_only,0.006,1.0,9.0,1.0,10,2.072273288137173,2.1692587257570617,0.003652900000815862
11,pc1,combined,0.004,1.0,9.0,1.0,7,2.072273288137173,2.1692587257570617,0.003652900000815862
11,pc2,score_only,0.006,0.0,,0.0,4,-2.1692587257570617,2.072273288137173,0.0032533000012335833
11,pc2,residual_only,0.006,1.0,0.0,1.0,320,-2.1692587257570617,2.072273288137173,0.0032533000012335833
11,pc2,combined,0.004,1.0,0.0,1.0,286,-2.1692587257570617,2.072273288137173,0.0032533000012335833
11,both,score_only,0.006,0.0,,0.0,4,-0.06857906061736832,2.9992160496444464,0.003282200001194724
11,both,residual_only,0.006,1.0,0.0,1.0,170,-0.06857906061736832,2.9992160496444464,0.003282200001194724
11,both,combined,0.004,1.0,0.0,1.0,149,-0.06857906061736832,2.9992160496444464,0.003282200001194724
12,none,score_only,0.009,,,1.0,9,0.0,0.0,0.003287399998953333
12,none,residual_only,0.007,,,0.0,7,0.0,0.0,0.003287399998953333
12,none,combined,0.01,,,0.0,10,0.0,0.0,0.003287399998953333
12,pc1,score_only,0.008,1.0,0.0,1.0,11,2.0910699598628324,2.1511453746688654,0.003940999999031192
12,pc1,residual_only,0.002,0.0,,0.0,7,2.0910699598628324,2.1511453746688654,0.003940999999031192
12,pc1,combined,0.004,1.0,0.0,1.0,11,2.0910699598628324,2.1511453746688654,0.003940999999031192
12,pc2,score_only,0.008,1.0,18.0,1.0,9,-2.1511453746688654,2.0910699598628324,0.003339599999890197
12,pc2,residual_only,0.002,1.0,0.0,1.0,317,-2.1511453746688654,2.0910699598628324,0.003339599999890197
12,pc2,combined,0.004,1.0,0.0,1.0,288,-2.1511453746688654,2.0910699598628324,0.003339599999890197
12,both,score_only,0.008,1.0,0.0,1.0,10,-0.0424797331919407,2.999699230300922,0.0033228999982384266
12,both,residual_only,0.002,1.0,0.0,1.0,161,-0.0424797331919407,2.999699230300922,0.0033228999982384266
12,both,combined,0.004,1.0,0.0,1.0,137,-0.0424797331919407,2.999699230300922,0.0033228999982384266
13,none,score_only,0.014,,,0.0,14,0.0,0.0,0.0032391000004281523
13,none,residual_only,0.008,,,1.0,8,0.0,0.0,0.0032391000004281523
13,none,combined,0.01,,,1.0,10,0.0,0.0,0.0032391000004281523
13,pc1,score_only,0.016,1.0,7.0,1.0,15,2.119960466132726,2.122679349792218,0.003174899999066838
13,pc1,residual_only,0.006,1.0,5.0,1.0,8,2.119960466132726,2.122679349792218,0.003174899999066838
13,pc1,combined,0.01,1.0,5.0,1.0,10,2.119960466132726,2.122679349792218,0.003174899999066838
13,pc2,score_only,0.016,0.0,,0.0,14,-2.122679349792218,2.119960466132726,0.0032867000008991454
13,pc2,residual_only,0.006,1.0,0.0,1.0,342,-2.122679349792218,2.119960466132726,0.0032867000008991454
13,pc2,combined,0.01,1.0,3.0,1.0,299,-2.122679349792218,2.119960466132726,0.0032867000008991454
13,both,score_only,0.016,1.0,7.0,1.0,15,-0.001922541072884183,2.9999993839725736,0.0032183000002987683
13,both,residual_only,0.006,1.0,3.0,1.0,166,-0.001922541072884183,2.9999993839725736,0.0032183000002987683
13,both,combined,0.01,1.0,3.0,1.0,143,-0.001922541072884183,2.9999993839725736,0.0032183000002987683
14,none,score_only,0.01,,,0.0,10,0.0,0.0,0.0039264000006369315
14,none,residual_only,0.019,,,1.0,19,0.0,0.0,0.0039264000006369315
14,none,combined,0.017,,,1.0,17,0.0,0.0,0.0039264000006369315
14,pc1,score_only,0.012,1.0,17.0,1.0,11,2.011677311262467,2.225568330865582,0.0034926999996969244
14,pc1,residual_only,0.024,1.0,7.0,1.0,19,2.011677311262467,2.225568330865582,0.0034926999996969244
14,pc1,combined,0.022,1.0,7.0,1.0,17,2.011677311262467,2.225568330865582,0.0034926999996969244
14,pc2,score_only,0.012,0.0,,0.0,10,-2.225568330865582,2.011677311262467,0.0035613000000012107
14,pc2,residual_only,0.024,1.0,0.0,1.0,375,-2.225568330865582,2.011677311262467,0.0035613000000012107
14,pc2,combined,0.022,1.0,0.0,1.0,337,-2.225568330865582,2.011677311262467,0.0035613000000012107
14,both,score_only,0.012,0.0,,0.0,10,-0.15124379039626712,2.99618512710189,0.003562600000805105
14,both,residual_only,0.024,1.0,0.0,1.0,207,-0.15124379039626712,2.99618512710189,0.003562600000805105
14,both,combined,0.022,1.0,0.0,1.0,180,-0.15124379039626712,2.99618512710189,0.003562600000805105
15,none,score_only,0.015,,,0.0,15,0.0,0.0,0.0034834999987651827
15,none,residual_only,0.011,,,0.0,11,0.0,0.0,0.0034834999987651827
15,none,combined,0.011,,,0.0,11,0.0,0.0,0.0034834999987651827
15,pc1,score_only,0.016,0.0,,0.0,15,2.2174551516857557,2.0206168984402515,0.0031749999998282874
15,pc1,residual_only,0.01,0.0,,0.0,11,2.2174551516857557,2.0206168984402515,0.0031749999998282874
15,pc1,combined,0.014,0.0,,0.0,11,2.2174551516857557,2.0206168984402515,0.0031749999998282874
15,pc2,score_only,0.016,0.0,,0.0,15,-2.0206168984402515,2.2174551516857557,0.002999999998792191
15,pc2,residual_only,0.01,1.0,1.0,1.0,318,-2.0206168984402515,2.2174551516857557,0.002999999998792191
15,pc2,combined,0.014,1.0,1.0,1.0,300,-2.0206168984402515,2.2174551516857557,0.002999999998792191
15,both,score_only,0.016,0.0,,0.0,15,0.13918566366681095,2.9967694858012734,0.0030435999997280305
15,both,residual_only,0.01,1.0,7.0,1.0,135,0.13918566366681095,2.9967694858012734,0.0030435999997280305
15,both,combined,0.014,1.0,7.0,1.0,123,0.13918566366681095,2.9967694858012734,0.0030435999997280305
16,none,score_only,0.016,,,0.0,16,0.0,0.0,0.0030970999996497994
16,none,residual_only,0.012,,,0.0,12,0.0,0.0,0.0030970999996497994
16,none,combined,0.018,,,0.0,18,0.0,0.0,0.0030970999996497994
16,pc1,score_only,0.012,1.0,0.0,1.0,17,2.184241739251388,2.0564746593410943,0.0030911000012565637
16,pc1,residual_only,0.012,0.0,,0.0,12,2.184241739251388,2.0564746593410943,0.0030911000012565637
16,pc1,combined,0.014,1.0,0.0,1.0,19,2.184241739251388,2.0564746593410943,0.0030911000012565637
16,pc2,score_only,0.012,0.0,,0.0,16,-2.0564746593410943,2.184241739251388,0.0030651999986730516
16,pc2,residual_only,0.012,1.0,1.0,1.0,344,-2.0564746593410943,2.184241739251388,0.0030651999986730516
16,pc2,combined,0.014,1.0,2.0,1.0,317,-2.0564746593410943,2.184241739251388,0.0030651999986730516
16,both,score_only,0.012,1.0,0.0,1.0,17,0.09034496861697264,2.998639322533738,0.003359199999977136
16,both,residual_only,0.012,1.0,2.0,1.0,172,0.09034496861697264,2.998639322533738,0.003359199999977136
16,both,combined,0.014,1.0,0.0,1.0,142,0.09034496861697264,2.998639322533738,0.003359199999977136
17,none,score_only,0.013,,,0.0,13,0.0,0.0,0.003574000000298838
17,none,residual_only,0.015,,,0.0,15,0.0,0.0,0.003574000000298838
17,none,combined,0.018,,,0.0,18,0.0,0.0,0.003574000000298838
17,pc1,score_only,0.012,0.0,,0.0,13,2.099500468300863,2.1429180534039234,0.003837599999314989
17,pc1,residual_only,0.02,0.0,,0.0,15,2.099500468300863,2.1429180534039234,0.003837599999314989
17,pc1,combined,0.02,0.0,,0.0,18,2.099500468300863,2.1429180534039234,0.003837599999314989
17,pc2,score_only,0.012,0.0,,0.0,13,-2.1429180534039234,2.099500468300863,0.004117299999052193
17,pc2,residual_only,0.02,1.0,0.0,1.0,340,-2.1429180534039234,2.099500468300863,0.004117299999052193
17,pc2,combined,0.02,1.0,0.0,1.0,307,-2.1429180534039234,2.099500468300863,0.004117299999052193
17,both,score_only,0.012,0.0,,0.0,13,-0.030700868849118174,2.9998429053288627,0.003153700001348625
17,both,residual_only,0.02,1.0,2.0,1.0,172,-0.030700868849118174,2.9998429053288627,0.003153700001348625
17,both,combined,0.02,1.0,5.0,1.0,150,-0.030700868849118174,2.9998429053288627,0.003153700001348625
18,none,score_only,0.008,,,0.0,8,0.0,0.0,0.004258800001480267
18,none,residual_only,0.01,,,1.0,10,0.0,0.0,0.004258800001480267
18,none,combined,0.008,,,1.0,8,0.0,0.0,0.004258800001480267
18,pc1,score_only,0.008,1.0,0.0,1.0,9,2.1429894651301757,2.099427577303176,0.005132800000865245
18,pc1,residual_only,0.008,1.0,3.0,1.0,10,2.1429894651301757,2.099427577303176,0.005132800000865245
18,pc1,combined,0.008,1.0,0.0,1.0,9,2.1429894651301757,2.099427577303176,0.005132800000865245
18,pc2,score_only,0.008,0.0,,0.0,8,-2.099427577303176,2.1429894651301757,0.003298099998573889
18,pc2,residual_only,0.008,1.0,0.0,1.0,350,-2.099427577303176,2.1429894651301757,0.003298099998573889
18,pc2,combined,0.008,1.0,0.0,1.0,311,-2.099427577303176,2.1429894651301757,0.003298099998573889
18,both,score_only,0.008,1.0,0.0,1.0,9,0.030802906283759174,2.9998418593259997,0.0037431999990076292
18,both,residual_only,0.008,1.0,0.0,1.0,179,0.030802906283759174,2.9998418593259997,0.0037431999990076292
18,both,combined,0.008,1.0,1.0,1.0,146,0.030802906283759174,2.9998418593259997,0.0037431999990076292
19,none,score_only,0.013,,,0.0,13,0.0,0.0,0.0030989000006229617
19,none,residual_only,0.007,,,0.0,7,0.0,0.0,0.0030989000006229617
19,none,combined,0.012,,,0.0,12,0.0,0.0,0.0030989000006229617
19,pc1,score_only,0.004,1.0,3.0,1.0,14,2.1239383956347786,2.118699056390115,0.0030484999988402706
19,pc1,residual_only,0.008,0.0,,0.0,7,2.1239383956347786,2.118699056390115,0.0030484999988402706
19,pc1,combined,0.01,0.0,,0.0,12,2.1239383956347786,2.118699056390115,0.0030484999988402706
19,pc2,score_only,0.004,0.0,,0.0,13,-2.118699056390115,2.1239383956347786,0.003141900000628084
19,pc2,residual_only,0.008,1.0,0.0,1.0,339,-2.118699056390115,2.1239383956347786,0.003141900000628084
19,pc2,combined,0.01,1.0,1.0,1.0,304,-2.118699056390115,2.1239383956347786,0.003141900000628084
19,both,score_only,0.004,0.0,,0.0,13,0.0037047723088384187,2.999997712442818,0.0034052999999403255
19,both,residual_only,0.008,1.0,2.0,1.0,169,0.0037047723088384187,2.999997712442818,0.0034052999999403255
19,both,combined,0.01,1.0,2.0,1.0,146,0.0037047723088384187,2.999997712442818,0.0034052999999403255
